"name_h","Team_type","Team_size_class","human_members_count","bot_members_count","human_work","work_per_human","human_gini","human_Push","human_IssueComments","human_PRReviewComment","human_MergedPR","bot_work","bot_Push","bot_IssueComments","bot_PRReviewComment","bot_MergedPR","eval_survival_day_median","issues_count"
"_1bqaxzCk0sfQaunsjeViQ/RCEZ3CASdLXbstu9y2JQ7Q","human-bot","Small",2,1,66,33,0.287878787878787,29,33,4,0,43,0,43,0,0,87,8
"_9o07rGiC7DFyi-zm91Q0g/VOgMsrjYEwFAq0BY8kHqGQ","human","Small",2,0,62,31,0.46774193548387,62,0,0,0,0,0,0,0,0,NA,NA
"_DzK53uaZXnAX3WcC0W28g/Epc4QWw5PNBQIIdvopEHDA","human","Large",7,0,211,30.1428571428571,0.499661475964793,194,16,1,0,0,0,0,0,0,37,46
"_l5u7I5p4thtW5SjR_9_4w/aZNCdVXta7fh7eCMzZP1CA","human-bot","Large",234,12,14579,62.3034188034188,0.738342470114196,1942,11430,1170,37,1972,0,1972,0,0,1,4757
"_l5u7I5p4thtW5SjR_9_4w/m_FpD7PKQHqVXHn2bh7u2g","human-bot","Large",38,8,1625,42.7631578947368,0.666607287449392,203,1270,152,0,302,0,302,0,0,2,777
"_MBt32zyzeoPBK5Qpr2-gw/CqmUS060ynlHbpG6HpG-Vw","human","Small",3,0,106,35.3333333333333,0.270440251572327,14,54,38,0,0,0,0,0,0,1,15
"_sQ6xJ9hNSqBFkGY4zz77w/23YwKNnurtTYtFtDr8LvGw","human","Small",3,0,20,6.66666666666666,0.533333333333333,18,2,0,0,0,0,0,0,0,NA,NA
"_tXSQBezuZlCm49OBpg3Xw/H6MGNdGo8WEha0cOetq5tw","human","Small",2,0,161,80.5,0.462732919254658,124,37,0,0,0,0,0,0,0,8,33
"_yD8m1Di58SxsWVtbFs8qA/-UAPBK3VxONRihRwJV8rbQ","human","Medium",5,0,219,43.8,0.22283105022831,219,0,0,0,0,0,0,0,0,NA,NA
"_z9vVq5Z7BCZiuGlZ9NOrQ/_z9vVq5Z7BCZiuGlZ9NOrQ","human-bot","Small",3,1,405,135,0.589300411522633,401,4,0,0,19,0,19,0,0,2,130
"-2eEmMGH_9GMVVn0WImTyA/fqB6po6-zxOceVyOZhgyNg","human-bot","Large",16,1,5105,319.0625,0.572930950048971,734,1984,2313,74,558,0,558,0,0,40,248
"-CoOUqJ5oC3eWiMo18FzNA/Dz7o5Mos1kXJNTlVMaHtbg","human","Small",2,0,23,11.5,0.282608695652173,23,0,0,0,0,0,0,0,0,NA,NA
"-kbZBDvEaaEYA2AiSSvq0Q/qKjRSEx-9OspoSuS6l3q4w","human-bot","Small",2,1,433,216.5,0.301385681293302,421,5,7,0,15,0,15,0,0,NA,NA
"-m9ya9ka2XQnLuxs55JE2A/49VEwDhZmHQYriyiDG3eSg","human","Small",3,0,120,40,0.227777777777777,120,0,0,0,0,0,0,0,0,NA,NA
"-ML5S77s0i2zWxllttaeJw/BtP5bHntwIkM88Qway1Q5Q","human","Large",9,0,896,99.5555555555555,0.727182539682539,375,510,11,0,0,0,0,0,0,0,270
"-Ob3pt9Z4PmXWqo3xgZpkA/oN9xVi_6kHZBzlGKkJLlDw","human","Small",3,0,57,19,0.467836257309941,46,11,0,0,0,0,0,0,0,1,29
"-tVHk9HSho7ce-8rFAjs9A/SlU_7Aa9mjT2eu0B0OjWBQ","human","Small",2,0,173,86.5,0.430635838150289,53,120,0,0,0,0,0,0,0,2,91
"-VBsDowjPrv6Gc92IQmkCw/57UxK7W6j5KXykdZEO-9Aw","human-bot","Small",3,1,146,48.6666666666666,0.643835616438356,146,0,0,0,42,42,0,0,0,NA,NA
"-VBsDowjPrv6Gc92IQmkCw/c0DwadNZWJRzNMqmUyFrlQ","human-bot","Medium",6,1,111,18.5,0.656156156156156,111,0,0,0,291,291,0,0,0,NA,NA
"-VBsDowjPrv6Gc92IQmkCw/olrfeQUtrBa_TqSnmM5Gzg","human-bot","Large",12,1,300,25,0.617777777777777,291,7,2,0,144,139,5,0,0,NA,NA
"0_i2yUqqQXqOqRd8kyC-pQ/yrrxKjGqkqQ9S6ELsPmmCw","human","Medium",4,0,57,14.25,0.355263157894736,54,3,0,0,0,0,0,0,0,NA,NA
"05CtW4OlNx8ZQEHqdg4D0A/qBJZzvjpWcYk3x1Fbl0ylw","human-bot","Medium",4,1,13,3.25,0.288461538461538,12,1,0,0,13,11,2,0,0,NA,NA
"0BtB0xHccNFSJpCITe2UPg/aTocB97iW8l3vdobXm4n3g","human-bot","Small",2,1,53,26.5,0.40566037735849,44,5,4,0,18,0,18,0,0,NA,NA
"0f9cvWcu8pKJl1o5bGKEiw/lFR5Fo_8F3qOlo3Sbv9hzg","human-bot","Large",11,1,1961,178.272727272727,0.737471605396133,1069,319,561,12,141,0,141,0,0,3,427
"0Jb-T8Py7O9d0fsJhO-Fpw/0ZyiRbLUtWP4uU0481CrcA","human-bot","Small",2,1,69,34.5,0.239130434782608,0,15,54,0,58,37,21,0,0,NA,NA
"0Jb-T8Py7O9d0fsJhO-Fpw/9CTgx1gdJFtNJTvxhIZZUA","human-bot","Small",2,1,8,4,0.125,6,1,1,0,13,13,0,0,0,NA,NA
"0Jb-T8Py7O9d0fsJhO-Fpw/D-kWwOGGgx1lyqq0SaB3Hg","human-bot","Small",2,1,2,1,0,2,0,0,0,69,40,29,0,0,NA,NA
"0Jb-T8Py7O9d0fsJhO-Fpw/Fiq28J6fBxWRHY488lzXjw","human-bot","Small",3,1,35,11.6666666666666,0.133333333333333,19,4,12,0,28,21,7,0,0,NA,NA
"0Jb-T8Py7O9d0fsJhO-Fpw/iO4bRWz6mrUVj8nn4zpjBQ","human-bot","Small",2,1,22,11,0.227272727272727,4,0,18,0,3,3,0,0,0,NA,NA
"0Jb-T8Py7O9d0fsJhO-Fpw/M7iXmEuARYRyqKKfoZjAkw","human-bot","Small",2,1,23,11.5,0.326086956521739,9,3,11,0,28,15,13,0,0,NA,NA
"0Jb-T8Py7O9d0fsJhO-Fpw/OeEnv21rUaAGZUVGe1lW4w","human-bot","Small",2,1,25,12.5,0.1,20,1,4,0,42,21,21,0,0,NA,NA
"0Jb-T8Py7O9d0fsJhO-Fpw/rwCxyocq77Et9MLBctA5ig","human-bot","Small",2,1,36,18,0.25,1,4,31,0,71,51,20,0,0,NA,NA
"0Jb-T8Py7O9d0fsJhO-Fpw/TjlzNzwYdgEidxHzg9liQw","human-bot","Small",2,1,93,46.5,0.188172043010752,21,4,68,0,44,22,22,0,0,NA,NA
"0MSCypBPqH6wOKkMednZLg/M-Fsij2kAaViWDhjjMVjSw","human-bot","Large",7,1,875,125,0.553469387755102,802,63,3,7,23,0,23,0,0,5,30
"0tSFBIz2tzBkhwKgfSq7UQ/n51RvHDvIcpcFPMHmAop2A","human-bot","Medium",6,1,527,87.8333333333333,0.625237191650853,184,226,117,0,70,0,70,0,0,1,60
"0u9plLGuVaKHp3lcrvrF2A/sCQtbspzMcP9bWH9fjd82Q","human","Small",2,0,42,21,0.476190476190476,42,0,0,0,0,0,0,0,0,NA,NA
"0YuGJKD19yHae4I2X8Vi3Q/-hWKbMgH_hfA5VVxoYJJWw","human-bot","Large",48,1,2139,44.5625,0.651735624123422,200,1753,186,0,174,0,174,0,0,2,1136
"0YuGJKD19yHae4I2X8Vi3Q/gWpl7HC8bRe4tH8S7ASf9w","human-bot","Large",84,1,9644,114.809523809523,0.807447512393592,1095,5073,3365,111,329,0,329,0,0,2,2993
"1fddEGBjByY_G4DarInf6Q/dP6FD14I5ClGKjWlznOJNw","human-bot","Large",9,1,608,67.5555555555555,0.551169590643274,311,215,82,0,59,59,0,0,0,9,143
"1mozFCDcUHOIVmZ68Ic-NA/wJC9RAxNXWZPPIDx9CUhLA","human","Small",2,0,36,18,0.388888888888888,28,8,0,0,0,0,0,0,0,0,7
"1ZCqDCOX241v3qMiy-pbvw/P4D0E8FW5rpXZ7DnvGOXdg","human","Small",2,0,57,28.5,0.0789473684210526,56,1,0,0,0,0,0,0,0,0,33
"2_VbJzim2NH2AJd2zkXHoQ/eEXeqBpwx7x1M-1kMlhSuQ","human-bot","Medium",4,1,46,11.5,0.152173913043478,33,3,10,0,13,0,13,0,0,12,9
"2-scMrZv13F95YPZmfieww/4Zc56iUYjIZrZU06omFrJw","human-bot","Large",23,2,4648,202.086956521739,0.560240963855421,864,2574,1174,36,1325,0,1325,0,0,11,1635
"2-scMrZv13F95YPZmfieww/GjuAIAEzXGqaVEhpaKZu0w","human-bot","Large",15,1,3030,202,0.631859185918591,587,1569,874,0,75,0,75,0,0,8,753
"2-scMrZv13F95YPZmfieww/liFXB78CaPhMPeBikU5Qtw","human-bot","Small",3,1,342,114,0.35672514619883,149,136,57,0,25,0,25,0,0,17,10
"206tV2TmzJDTRZ3jHCDTLw/g5io3TaElA_NE8LnqjWnGw","human","Small",2,0,28,14,0,28,0,0,0,0,0,0,0,0,NA,NA
"2B7IxtFwGYG8romCC5DROw/JWHcllSwE7P2HpW1xjcQ6Q","human","Medium",6,0,191,31.8333333333333,0.506980802792321,95,84,12,0,0,0,0,0,0,9,50
"2bL_hc3RIUujEgCYopaKRQ/lj0G1E2S6gy_t3ZRgMccyg","human","Medium",4,0,67,16.75,0.414179104477611,27,16,24,0,0,0,0,0,0,NA,NA
"2p42bf0WUC5OMDhkxwDhgA/A-W0XDejwLivn1Fqs-KFpQ","human","Small",3,0,88,29.3333333333333,0.537878787878787,82,6,0,0,0,0,0,0,0,NA,NA
"2WfU41GAApN1NN0jUHH8Ow/nzVsGTrKIvtd3dOGpl-vEw","human-bot","Large",7,1,250,35.7142857142857,0.707428571428571,240,8,2,0,28,0,28,0,0,NA,NA
"2YooFnD4H475CTRDBy1BfQ/JMo2gKLg2FNonrZIaXL2Kg","human-bot","Large",7,1,396,56.5714285714285,0.578643578643578,254,121,21,0,109,0,109,0,0,43,51
"31CMPZEbeojAsTUTcQrk6g/FcxPTB_RHRXCDc4XQJOHCQ","human","Small",2,0,93,46.5,0.456989247311828,86,7,0,0,0,0,0,0,0,NA,NA
"35V6uT_BzwKvPZ1wkdVc9g/GGqiclKUTLWu2NNVmV5H3g","human-bot","Small",2,1,118,59,0.305084745762711,68,50,0,0,25,0,25,0,0,20,30
"3fa6t1_rA76z0ctbksVa4g/GfIwhFCOo1NjJHOk2LzVRQ","human","Medium",4,0,164,41,0.585365853658536,163,1,0,0,0,0,0,0,0,NA,NA
"3ke05GPtToSiU8bp1BKugA/BG1HZyz2IS0gHW6LDBkecw","human","Large",16,0,77,4.8125,0.431006493506493,76,1,0,0,0,0,0,0,0,NA,NA
"3kxNLliWxuuskyxXPMhm9w/cUJHhJ8OwSG-iDYoeBPbFw","human-bot","Small",2,1,187,93.5,0.494652406417112,101,82,4,0,118,21,93,4,0,9,13
"3OtEVNe6bxiTwzM4MtGmjg/kiAruHjd00pLEUPZu0KN4A","human-bot","Small",3,1,283,94.3333333333333,0.249705535924617,245,38,0,0,32,0,32,0,0,14,68
"3OtEVNe6bxiTwzM4MtGmjg/XXFrO9qc_2y9Jmohv_Kr_g","human-bot","Small",2,1,98,49,0.142857142857142,95,3,0,0,26,0,26,0,0,45,66
"3VFbLRx-am2PA7KH0P_qQQ/0LXuEXZJJT61w5FBbuUCPg","human-bot","Small",2,1,172,86,0.331395348837209,2,57,113,0,50,28,22,0,0,NA,NA
"3VFbLRx-am2PA7KH0P_qQQ/7F-Hh03JukUgjbUsy4c4zw","human-bot","Small",2,1,116,58,0.103448275862068,0,16,100,0,22,13,9,0,0,NA,NA
"3VFbLRx-am2PA7KH0P_qQQ/80s2Rw6RQNhfx0QKHYY0Og","human-bot","Small",2,1,7,3.5,0.0714285714285714,6,1,0,0,5,3,2,0,0,NA,NA
"3VFbLRx-am2PA7KH0P_qQQ/EZA2kuUiwXuUc8h7BUjJSA","human","Small",2,0,56,28,0.178571428571428,1,1,54,0,0,0,0,0,0,NA,NA
"3VFbLRx-am2PA7KH0P_qQQ/h2cjH2lDv08501L2nUq0gA","human-bot","Small",2,1,35,17.5,0.414285714285714,3,1,31,0,7,5,2,0,0,NA,NA
"3VFbLRx-am2PA7KH0P_qQQ/hnyLeQ1tub2Ldkc3XARojA","human-bot","Small",2,1,168,84,0.398809523809523,4,12,152,0,49,27,22,0,0,NA,NA
"3VFbLRx-am2PA7KH0P_qQQ/jdqPemElLcYFe-wbv9lYZw","human-bot","Small",2,1,49,24.5,0.0306122448979591,0,0,49,0,13,8,5,0,0,NA,NA
"3VFbLRx-am2PA7KH0P_qQQ/JhvGB8Nzuc1DqysPsJ_2EA","human-bot","Small",2,1,79,39.5,0.322784810126582,1,0,78,0,8,5,3,0,0,NA,NA
"3VFbLRx-am2PA7KH0P_qQQ/jRFtt8gCnrrnXVi1aCuJPA","human-bot","Small",2,1,68,34,0.323529411764705,0,0,68,0,14,10,4,0,0,NA,NA
"3VFbLRx-am2PA7KH0P_qQQ/lDpqgADYZ-cd94LCBmpXRQ","human-bot","Small",2,1,241,120.5,0.188796680497925,0,63,178,0,42,25,17,0,0,NA,NA
"3VFbLRx-am2PA7KH0P_qQQ/pyckoTxBiRKtLy5XOfeHjw","human-bot","Small",2,1,60,30,0.3,1,4,55,0,111,59,52,0,0,NA,NA
"3VFbLRx-am2PA7KH0P_qQQ/SF6jFznY577wu0f-ns_e5Q","human-bot","Small",3,1,85,28.3333333333333,0.156862745098039,1,1,83,0,43,25,18,0,0,NA,NA
"3VFbLRx-am2PA7KH0P_qQQ/Tf-wATIP_SnbldRiA7kjtg","human-bot","Small",2,1,16,8,0.4375,16,0,0,0,5,1,4,0,0,NA,NA
"3VFbLRx-am2PA7KH0P_qQQ/We_P2cNoVATOmmEmulOuxQ","human-bot","Small",2,1,20,10,0.45,7,4,9,0,46,24,22,0,0,NA,NA
"3VFbLRx-am2PA7KH0P_qQQ/z_6kItfOPnyU90WjRCHxPA","human-bot","Small",2,1,39,19.5,0.141025641025641,0,0,39,0,12,7,5,0,0,NA,NA
"3XrLSmvDP6ADhv8T8pBHlg/JWel7JcF63rCyYQDPgYYnQ","human-bot","Small",3,1,70,23.3333333333333,0.38095238095238,54,11,5,0,15,0,15,0,0,NA,NA
"3z53uINAmVsEcPTcpD4Plw/gLii5wLAk2cRP-CoNl0m5A","human-bot","Medium",4,1,958,239.5,0.366910229645094,665,217,76,0,111,0,111,0,0,20,152
"42X3gXzTUtWu7D2R0p8lEw/3J9drqcA26x4toNStyqgDw","human","Small",3,0,139,46.3333333333333,0.302158273381295,74,3,62,0,0,0,0,0,0,NA,NA
"42X3gXzTUtWu7D2R0p8lEw/vDHal_J7966I1-tutxcNrA","human-bot","Large",10,1,287,28.7,0.61567944250871,135,145,7,0,80,0,80,0,0,6,125
"4bzOzx-_iEqw2tTZAGgCBQ/o5j7d9925hU99XzWX9CnxQ","human","Small",2,0,93,46.5,0.188172043010752,47,28,18,0,0,0,0,0,0,NA,NA
"4dO3yq3t4lsqqmKktewD8w/pJkzyFQpLNKrBWc4kAwOYg","human","Small",2,0,51,25.5,0.441176470588235,49,2,0,0,0,0,0,0,0,NA,NA
"4O_VHaTKJVlsJzbOStcZkQ/iLtFn37ZJBODy7rqkrNvlA","human","Small",3,0,29,9.66666666666666,0.114942528735632,29,0,0,0,0,0,0,0,0,NA,NA
"4TS-aNxEDrj8xSSuBDZYZQ/5MiUaPZi0ip2cQkjAck0gw","human","Medium",5,0,277,55.4,0.649819494584837,93,174,10,0,0,0,0,0,0,9,84
"4uhFxZJfJLCuiipssSurmg/7qmsg8qcV3iYQe_qHxTkcg","human","Small",2,0,85,42.5,0.38235294117647,85,0,0,0,0,0,0,0,0,NA,NA
"4UoKJb78-7s5AP5kxYsTWw/KMTZui17QbMsWE1Xh1v6wQ","human","Small",2,0,140,70,0.492857142857142,140,0,0,0,0,0,0,0,0,NA,NA
"4Y4ltFXA0vYergBfP1bDVw/wfwWmDIImW4E1WB7u2A5VQ","human","Large",8,0,301,37.625,0.481312292358804,239,48,14,0,0,0,0,0,0,NA,NA
"4YoH8row044yJjPIqWJw9Q/NSXj3i61X71lV0StTN71Ww","human-bot","Small",2,2,114,57,0.491228070175438,114,0,0,0,37,0,37,0,0,0,14
"4ZSCfY9gR5Sa8mT-mRwIZg/H-8VmgmCOh6PcBIBvyqJ6Q","human","Small",3,0,51,17,0.183006535947712,51,0,0,0,0,0,0,0,0,NA,NA
"5-0-eOTo-hJG_S_R5C1Zhw/1nqOwifzJUX_0uGy2pSIRQ","human-bot","Small",2,1,46,23,0.369565217391304,32,14,0,0,10,0,10,0,0,4,16
"5-0-eOTo-hJG_S_R5C1Zhw/cAnToiI7JTeyC1TKJNIGrQ","human","Small",2,0,30,15,0.466666666666666,30,0,0,0,0,0,0,0,0,NA,NA
"572IwNWvcAWEW0XmL9kzxg/dsdz8N9WSpmtzc0q9veAhQ","human-bot","Large",9,1,3774,419.333333333333,0.504151210033563,2733,958,5,78,575,0,575,0,0,27,1210
"5Is-_ie16OEGmW1arZm8qg/8UeSk2P76pTG7pPLtxsHTQ","human-bot","Large",17,4,7412,436,0.439620964413828,4182,1257,1917,56,358,5,202,151,0,2,495
"5Is-_ie16OEGmW1arZm8qg/QRgrUx6IO2--mVcNzEliKA","human","Large",9,0,334,37.1111111111111,0.602794411177644,218,91,25,0,0,0,0,0,0,25,6
"5OFBNoTOzmclVVZ8O6qEtA/rSBhL0fyy_YRa9WcjIyd_Q","human","Medium",4,0,412,103,0.201456310679611,412,0,0,0,0,0,0,0,0,NA,NA
"5P928-e9QE7_07ntx2hatg/ib_zH46eP8_bmfuD6MC9Xw","human","Small",2,0,62,31,0.451612903225806,62,0,0,0,0,0,0,0,0,NA,NA
"5PCr79vk1nB5zUR62UtiVw/aE4XOYozOX0zGN1eID4MRw","human-bot","Small",2,1,262,131,0.385496183206106,205,47,10,0,35,0,35,0,0,162,5
"5pjYAidnYGTYKylReAi1lw/zGyjb1INan8XxRfh0HyMkg","human","Small",2,0,94,47,0.340425531914893,35,59,0,0,0,0,0,0,0,NA,NA
"67OYhQNO1027fJEZJxG3Iw/nkaudrXsSZ3dYlRQ2fECsg","human","Small",2,0,38,19,0.421052631578947,38,0,0,0,0,0,0,0,0,NA,NA
"6k6U1lWIqoLl9IZyS-p4vw/SeNiQCxytjPqcuNfrVqxsQ","human","Small",2,0,86,43,0.453488372093023,86,0,0,0,0,0,0,0,0,NA,NA
"6XC0EuOwRVpLof6vQo5AHA/hSfs8xGrTkQrzdThwhCOcQ","human-bot","Small",2,1,111,55.5,0.4009009009009,75,35,1,0,10,0,10,0,0,34,19
"6ZrHtGmpP_0EDMMxla4ReA/8-HEJxJXmWEny3x_lkYDKw","human","Small",3,0,201,67,0.557213930348258,50,149,2,0,0,0,0,0,0,2,139
"71yJPFC4o-dHGNt-KXeNJA/WYJsBhaTun8Ry2Q8M_eeuA","human","Large",9,0,89,9.88888888888889,0.424469413233458,44,36,9,0,0,0,0,0,0,NA,NA
"73BCuo_6LV7lmbQJuQb5vA/LkeFsm_-dcfz22Oq6XyZyw","human-bot","Large",13,1,490,37.6923076923076,0.562951334379905,345,145,0,0,62,0,62,0,0,8,89
"73lMEnL9ggs_cCIAjyW3lw/ArIhfhdeLlWibIekAjJXaA","human","Medium",6,0,120,20,0.372222222222222,82,19,19,0,0,0,0,0,0,24,54
"7AP5GuVuR4RV43hukVWRlA/etD9LB_pSfCmrYqsQhhAFA","human","Small",2,0,20,10,0.25,14,6,0,0,0,0,0,0,0,6,6
"7aZIQZSTKAYawn7PY_hphA/pfe5MUSnWVWLDA5CI53JSw","human-bot","Medium",6,1,470,78.3333333333333,0.536170212765957,72,245,153,0,55,0,55,0,0,8,122
"7dg5u--dc5TZQst0MHQILQ/ckrS9Juj0E8vrXNtNTAwpQ","human","Small",2,0,59,29.5,0.262711864406779,59,0,0,0,0,0,0,0,0,NA,NA
"7EKR-U07JScE0bSBQf-Iyw/mKxrSwhrWi9HZ3sV54bZug","human-bot","Large",18,1,604,33.5555555555555,0.518763796909492,221,367,16,0,322,0,322,0,0,10,351
"7jyqK2AFr4szh4o1MfKAMw/Q9JKH8_SBuUrJNtDwBUqaQ","human","Medium",4,0,27,6.75,0.453703703703703,27,0,0,0,0,0,0,0,0,NA,NA
"7ld5bjPycgmIqlZ-IrSZqw/NKxhGQNhoZjGmsnlvgWduQ","human","Medium",6,0,355,59.1666666666666,0.638967136150234,109,246,0,0,0,0,0,0,0,5,195
"7PkH0xVSMUXZulCV972KzA/fhdTFA1aZwOLPVNo836sWw","human-bot","Medium",4,1,32,8,0.25,24,7,1,0,18,0,18,0,0,41,8
"7R4RlGuxT82BQcun7raI2A/qMXTUX8UDZFqbyxir5YUaA","human","Large",9,0,344,38.2222222222222,0.678940568475452,322,8,14,0,0,0,0,0,0,7,18
"7sA-8-nyqr0Ri2CT4-FSZw/GJPQoUhHfvUsxKcdkHWLEw","human-bot","Small",3,2,244,81.3333333333333,0.502732240437158,171,73,0,0,136,0,136,0,0,1,41
"7W87iqRwMhPY0fO0oj6hdg/T-UFAJHHT9SfWfZHOrZJ_w","human","Large",7,0,649,92.7142857142857,0.635703279771076,268,360,21,0,0,0,0,0,0,60,114
"7Xep-tc_sXRqdGZ18-MUog/m4gKCZYLclV3PlKDdogc7w","human","Large",9,0,57,6.33333333333333,0.475633528265107,57,0,0,0,0,0,0,0,0,NA,NA
"89_LwToyhyn2RqT0oR1znA/GDQxBpaxeEIx04bIAV0OuA","human-bot","Small",3,1,633,211,0.569773565034228,338,286,9,0,63,0,63,0,0,1,56
"89_LwToyhyn2RqT0oR1znA/pNzNTZ7fCsOwvKyusHZrzQ","human-bot","Small",2,1,56,28,0.267857142857142,13,39,4,0,13,0,13,0,0,1,5
"8PQIAAjGeBzqB4hDzI0ySg/QWlDxQ9MsT_i3vRFRkIUMA","human-bot","Small",2,1,542,271,0.470479704797048,414,101,0,27,102,0,102,0,0,0,147
"8rc0bL138BurrPaAsNsrhQ/NKEJeqi2DoD5zzp5YuE1cw","human-bot","Medium",6,1,308,51.3333333333333,0.577922077922078,104,160,44,0,55,0,55,0,0,7,69
"8TOYl6QCMkO6UaLUiI9W5g/3gGDiwOotI4YekF51_dKXA","human","Medium",5,0,76,15.2,0.436842105263157,76,0,0,0,0,0,0,0,0,NA,NA
"8YunZ7fwaBbWduRcxtKmcg/VQ6emeFgxEI6-k3gF1mCXw","human","Small",2,0,19,9.5,0.394736842105263,19,0,0,0,0,0,0,0,0,NA,NA
"9_vdsuQl2iE9ZtSqSkIsxw/S-3lM2lTqZPzvx69ERuCoQ","human","Small",2,0,25,12.5,0.14,25,0,0,0,0,0,0,0,0,NA,NA
"92-8t_8P5LJMe506slHEBg/MWqfq7ScZnEyAELSEmE-7A","human","Medium",4,0,63,15.75,0.0515873015873015,27,36,0,0,0,0,0,0,0,0,18
"93ku0vRGGbC0G5OKxyclMw/1dTO0cprnOjxZ9fOffO5Pg","human-bot","Medium",5,1,507,101.4,0.595660749506903,311,44,152,0,44,0,44,0,0,NA,NA
"9joyS-YhP_q_hPIFnV22ZQ/fBCbCf-epv2u4Gqx6H0jjQ","human","Medium",4,0,28,7,0.535714285714285,26,1,1,0,0,0,0,0,0,NA,NA
"9k_-nrjXM9N4Ej0iOQLewg/vNZdzvAjoZr776wjxBcwHA","human-bot","Medium",4,1,155,38.75,0.546774193548387,113,40,2,0,16,0,16,0,0,0,38
"9k7tTHERfDpiZ4PZcO8kGg/OGDQHK9IRRANlVBm86aXhg","human-bot","Medium",4,1,146,36.5,0.558219178082191,61,72,13,0,35,0,35,0,0,221,33
"9nUq4LK9Tt3JyrPY-T5kzA/HOpZe8bhcIW-uBnBCUgQGA","human-bot","Medium",5,1,670,134,0.496716417910447,451,75,144,0,131,0,131,0,0,15,161
"9V_dES9RtaF5sbjbmEtFFQ/j-PsYRfi0JKstZc_rE3eOQ","human","Medium",4,0,33,8.25,0.507575757575757,18,15,0,0,0,0,0,0,0,132,11
"9yAG1Wl2EUQb-mgMbu14cg/0SE8Ru05hPPuZfPY-bmeFw","human","Medium",4,0,57,14.25,0.521929824561403,57,0,0,0,0,0,0,0,0,NA,NA
"A0jc13SiiSCXudXITOiC0w/r5IxFA1xTgJxuz-qGzKsMA","human-bot","Medium",5,1,196,39.2,0.336734693877551,14,145,37,0,119,43,76,0,0,NA,NA
"A0NCFeTjJSQNtHGvMH5SdA/9NXFKUbkdsZt_DZDPIKqeA","human","Large",8,0,217,27.125,0.724078341013824,197,20,0,0,0,0,0,0,0,4,8
"a8L9UqkGb524SUYPr_engw/QRCSmTWPfTZo1glF7p1l9g","human-bot","Small",2,1,78,39,0.435897435897435,62,16,0,0,27,0,27,0,0,17,16
"aDx1GdsswIazQK3BwDdwZg/kdZuEuu6QxZbT50qaSVNBQ","human-bot","Medium",6,1,355,59.1666666666666,0.5018779342723,42,167,146,0,42,0,42,0,0,NA,NA
"AL2A8HoKq5jyZ4MBHIItlw/SiALZpsSocb9wYAo9mQtEw","human","Small",2,0,55,27.5,0.481818181818181,55,0,0,0,0,0,0,0,0,NA,NA
"AMj2UkOzac58vu1wFENQAQ/4eadAdlz9GvMsxXM2VRrLw","human-bot","Small",2,1,274,137,0.489051094890511,274,0,0,0,2039,2033,6,0,0,NA,NA
"AMj2UkOzac58vu1wFENQAQ/okqmFqbT3FWyoG3ylQMIkw","human-bot","Small",2,1,23,11.5,0.0652173913043478,7,5,11,0,4,4,0,0,0,NA,NA
"ApaNw6HPxG6fS4AdoOWdOg/1n2z12mL1haXRlKdR_zWEg","human","Medium",4,0,126,31.5,0.642857142857142,126,0,0,0,0,0,0,0,0,NA,NA
"ARlvzBqrJxNrk9zoXwVc8g/5FE-_LaQpRNVMedcM9bSPA","human","Medium",6,0,221,36.8333333333333,0.46078431372549,67,47,107,0,0,0,0,0,0,8,26
"AS9R7xOcH3aPDotWa9Y56g/KW8xPoFeI9vYLrUAY9fh9A","human-bot","Small",2,1,279,139.5,0.489247311827957,228,51,0,0,36,0,36,0,0,42,70
"ASYGR96YA91p3z7MNKjZCA/IB2pZ8ygcvNnlxUdysjSFA","human","Large",12,0,1655,137.916666666666,0.79944612286002,793,684,178,0,0,0,0,0,0,4,190
"auzvE1H_-6I_GekUjyz5Eg/MdXZ2dyMDPk6ImpjOOXXdg","human","Small",3,0,167,55.6666666666666,0.534930139720558,84,80,3,0,0,0,0,0,0,4,59
"axpJKMw4VUPgOLYZRD9WiA/8wD0EeENDogcu7LxtQjLzA","human","Medium",5,0,34,6.8,0.28235294117647,17,14,3,0,0,0,0,0,0,2,16
"axpJKMw4VUPgOLYZRD9WiA/G849sctmBTe14CgMagOxxg","human","Medium",4,0,37,9.25,0.155405405405405,26,11,0,0,0,0,0,0,0,NA,NA
"B9PzzIpR63VurONbKp0hYQ/6uSnRAK6Hu4pYtP9qAKlkw","human-bot","Large",12,1,2260,188.333333333333,0.555088495575221,1308,502,429,21,50,0,50,0,0,NA,NA
"BbYFPEGiEwr9b8OxWL2k5g/QZ-BnI7a_WaQC11b_OEfQg","human-bot","Large",30,1,1876,62.5333333333333,0.574022743425728,285,1303,288,0,46,0,46,0,0,20,93
"BDFfwmHAKYM_htOui-EgrA/BA0TRZ2boSrvpEwwPRkM0A","human","Small",3,0,22,7.33333333333333,0.181818181818181,22,0,0,0,0,0,0,0,0,NA,NA
"bi5TY2Z4OSQq3PMs6JnKYA/0b76A8ecoLhOzEiN6pa8aA","human-bot","Small",3,1,142,47.3333333333333,0.64319248826291,138,4,0,0,51,0,51,0,0,NA,NA
"bi5TY2Z4OSQq3PMs6JnKYA/5wtZcUUo1XmLHIra8NDtFQ","human-bot","Medium",4,2,170,42.5,0.717647058823529,144,7,19,0,104,0,104,0,0,NA,NA
"bi5TY2Z4OSQq3PMs6JnKYA/9b9IqkDK14ketwn88f3hKA","human-bot","Small",3,2,189,63,0.624338624338624,174,10,5,0,125,0,125,0,0,35,9
"bi5TY2Z4OSQq3PMs6JnKYA/BZ_e7meioq89mc3y93Y37A","human","Small",3,0,34,11.3333333333333,0.607843137254901,34,0,0,0,0,0,0,0,0,NA,NA
"bi5TY2Z4OSQq3PMs6JnKYA/kIiAIJpk6lOa6Nxf234KkQ","human-bot","Small",3,2,88,29.3333333333333,0.636363636363636,74,7,7,0,74,0,74,0,0,NA,NA
"bi5TY2Z4OSQq3PMs6JnKYA/kxQc8LABdqGE7LByarlomw","human-bot","Small",3,1,200,66.6666666666666,0.593333333333333,159,37,4,0,36,0,36,0,0,3,27
"bi5TY2Z4OSQq3PMs6JnKYA/OGNzQyvxJwz60Zob0dtpwA","human-bot","Medium",4,1,238,59.5,0.724789915966386,227,9,2,0,28,0,28,0,0,0,11
"bi5TY2Z4OSQq3PMs6JnKYA/SJqhzr3ml_LliN3sxI5R2Q","human-bot","Small",3,1,107,35.6666666666666,0.623052959501557,104,0,3,0,24,0,24,0,0,NA,NA
"bixSIcqXIU3FNhQlubX5YQ/YJBD83uAnwHdVu3cFwbTjg","human-bot","Medium",4,1,453,113.25,0.3780353200883,128,142,183,0,23,0,23,0,0,79,72
"bNjOwQmmnBjzOQWfYVCQaA/dBOrRAWKWwSfaeomhkPDaQ","human","Small",3,0,69,23,0.280193236714975,33,29,7,0,0,0,0,0,0,NA,NA
"BpTJbYN-vbatr8Gh564YTQ/XYNcXmWlYFDIOzsInpMWDA","human-bot","Large",8,1,968,121,0.673295454545454,556,188,215,9,11,0,11,0,0,140,13
"BQE3rUtn1TgHht2aYgLNZg/g-6flz6qnp9BopeRaJySqw","human","Small",2,0,21,10.5,0.119047619047619,21,0,0,0,0,0,0,0,0,NA,NA
"btSSlUgh0dvh3TvZYR67UQ/D-pqE8UrTUclNo8ksEXKhA","human-bot","Small",3,1,526,175.333333333333,0.361216730038022,239,156,126,5,61,0,61,0,0,NA,NA
"btSSlUgh0dvh3TvZYR67UQ/MvSvqGgyI-lBe0ZN4eI1Sg","human","Small",3,0,62,20.6666666666666,0.440860215053763,51,5,6,0,0,0,0,0,0,NA,NA
"btSSlUgh0dvh3TvZYR67UQ/QIV_pCDXtyrezwshQCJlLA","human","Small",3,0,46,15.3333333333333,0.246376811594202,29,9,8,0,0,0,0,0,0,NA,NA
"btSSlUgh0dvh3TvZYR67UQ/VARJP4OHafMOknml4_OVoQ","human-bot","Small",3,1,62,20.6666666666666,0.225806451612903,49,11,2,0,13,0,13,0,0,9,10
"btSSlUgh0dvh3TvZYR67UQ/VYdiKIU6v2Mt7JNGpPNy7A","human","Small",2,0,102,51,0.215686274509803,79,18,5,0,0,0,0,0,0,12,8
"btSSlUgh0dvh3TvZYR67UQ/YP1M8VajPhu08MxyNvuurQ","human-bot","Small",2,1,104,52,0.278846153846153,63,23,18,0,23,0,23,0,0,16,6
"bVigZ7QSRGEnB8hDuFdpkQ/28rWDfpwDYGKTWTJjU4w9Q","human-bot","Medium",4,1,760,190,0.582236842105263,358,268,134,0,39,0,39,0,0,3,124
"bVigZ7QSRGEnB8hDuFdpkQ/IhB-pC2pVzt7ITKHL1xNMQ","human-bot","Small",2,1,177,88.5,0.415254237288135,113,47,17,0,20,0,20,0,0,13,53
"bxLD_LudiJ8mO7AZa8QgwQ/9LZ8c1ynzo_ohr4eRwcdcg","human","Large",8,0,51,6.375,0.517156862745098,51,0,0,0,0,0,0,0,0,NA,NA
"BZD56OtmcB0n9nPoJFidzQ/374u9JobD5H36hxrRdtQgg","human","Small",2,0,36,18,0.0277777777777777,36,0,0,0,0,0,0,0,0,NA,NA
"C6ZD_FM-QhRKBgIaJu2jLg/ux_AWTPQAIiwgQnb9zB2ug","human","Medium",4,0,31,7.75,0.21774193548387,17,12,2,0,0,0,0,0,0,NA,NA
"cdDO4ojnT2lTOSdMz8sHpA/ooc1rwH7seNTccsSCYWsRw","human-bot","Small",3,1,150,50,0.591111111111111,137,13,0,0,17,0,17,0,0,0,31
"cdDO4ojnT2lTOSdMz8sHpA/yMnANbeCl357cWVwXWy9kA","human-bot","Small",3,1,191,63.6666666666666,0.572425828970331,181,10,0,0,26,0,26,0,0,8,32
"ChhIzGQNr9tq7mCMZw17FA/EUzOBM0WRT3A0AqDDgZ7gw","human-bot","Large",9,1,841,93.4444444444444,0.762055753732329,400,421,0,20,6,0,0,0,6,1,205
"cjO15Oey_bsDTGq48nX7Yw/BzodVQLk5767qxp0WeeUPQ","human","Small",2,0,75,37.5,0.06,42,0,33,0,0,0,0,0,0,NA,NA
"Cp8UeIqg2NGXbtmCvdOVLg/lb8rD76HubSn1rBoXxQj7A","human","Large",11,0,1202,109.272727272727,0.562547269702011,471,277,454,0,0,0,0,0,0,39,49
"CqfHUEtRaVqqXUKN_fS17A/yCSRUTxkyPzoSOf3ciTCgA","human-bot","Small",2,1,581,290.5,0.00430292598967297,57,448,76,0,14,0,14,0,0,3,94
"CqqZ-Ta2DJQcYsp_VrGG1Q/Vpof6FyWiiC7YQJOJbPZUA","human-bot","Small",3,1,27,9,0.419753086419753,27,0,0,0,36,36,0,0,0,NA,NA
"Cqre8Re6M01XbwaSHT3Kcg/Fa3_w52dfYiqleA7ZNNJWg","human","Small",2,0,28,14,0,28,0,0,0,0,0,0,0,0,NA,NA
"CuthdeV9BBPsTr3JNmt-hg/IgYRtqeLOiNWsmarP4FCgQ","human-bot","Medium",4,1,94,23.5,0.553191489361702,44,40,10,0,34,0,34,0,0,36,15
"cuuO3CBoXGYKpyOY07vvVw/CiRIngvU8rV9LedqMG884w","human-bot","Large",10,1,1028,102.8,0.698054474708171,476,310,242,0,164,0,164,0,0,9,90
"cuuO3CBoXGYKpyOY07vvVw/n2P0uqMVSaUcz-cAE-2Q7A","human-bot","Medium",4,1,171,42.75,0.340643274853801,64,64,43,0,15,0,15,0,0,198,73
"cuvHN11rjETpfRBlA9LwMg/ZgarRRGbZOdBY8T50FvNQg","human","Medium",4,0,373,93.25,0.325067024128686,108,265,0,0,0,0,0,0,0,1,103
"CWghQeCv2EVQNS-Wb6M_EA/N0nGHZBEl2y-GPcfOGvytQ","human","Small",2,0,9,4.5,0.166666666666666,7,2,0,0,0,0,0,0,0,NA,NA
"d11UbwJrdVnG8iKx3TK9kA/DwZSq7QlPffhX01iDh_mfw","human-bot","Small",3,1,397,132.333333333333,0.577665827036104,120,260,17,0,32,0,32,0,0,1,170
"d4vny38ZAxDiIhzJ9mWBSg/asvMbuWTEaKoCQNkE0UJoQ","human","Medium",5,0,43,8.6,0.372093023255814,43,0,0,0,0,0,0,0,0,NA,NA
"DEFwBDxx6l5vho7hEdAmzQ/ooJYHOvOGwh4TbiRugWFNQ","human","Medium",5,0,283,56.6,0.456537102473498,114,157,12,0,0,0,0,0,0,1,46
"DevSiHbJAM-XpY7qknTWIA/ZQC28gcQYc30ailijMZxIg","human","Medium",5,0,367,73.4,0.680108991825613,293,74,0,0,0,0,0,0,0,173,164
"dhhU3r2TlJwwy9gIIZA4yw/dhhU3r2TlJwwy9gIIZA4yw","human-bot","Small",3,1,659,219.666666666666,0.65048052604957,562,97,0,0,22,0,22,0,0,43,82
"DHVTbI_uImJQ1tOQMl_BnQ/xxOlV7drkegx011IqnCkDQ","human-bot","Medium",5,1,282,56.4,0.7177304964539,265,8,9,0,9,0,0,0,9,NA,NA
"dONQnlabJ76NyiesZDhgaw/5Z26n_sfY_gu_ELgILfddQ","human-bot","Small",3,1,195,65,0.608547008547008,188,0,0,7,67,0,67,0,0,0,6
"dONQnlabJ76NyiesZDhgaw/fPjF3n9r3ovX76NBfVjHgg","human-bot","Small",3,1,354,118,0.612052730696798,324,7,0,23,22,0,22,0,0,14,8
"dONQnlabJ76NyiesZDhgaw/HnatlF10klCIQLgdf9hZWg","human-bot","Small",2,1,161,80.5,0.487577639751552,159,2,0,0,40,0,40,0,0,28,5
"dONQnlabJ76NyiesZDhgaw/Ii9aDGcd3tT781KIH9T7eg","human-bot","Small",2,1,88,44,0.386363636363636,88,0,0,0,32,0,32,0,0,NA,NA
"dONQnlabJ76NyiesZDhgaw/JLxKDq7QqQebPATHx5URrg","human-bot","Small",2,1,82,41,0.48780487804878,82,0,0,0,33,0,33,0,0,NA,NA
"dONQnlabJ76NyiesZDhgaw/L7cPfm76WZYnwatPWz0H4Q","human-bot","Small",2,1,77,38.5,0.318181818181818,77,0,0,0,32,0,32,0,0,NA,NA
"doQNUrl6BEIxCLiFg1qlsw/4p2xgpC8dKxj9MhW_vmL8A","human-bot","Large",12,1,2557,213.083333333333,0.488691174553513,355,1246,945,11,320,0,320,0,0,55,835
"doQNUrl6BEIxCLiFg1qlsw/jiraBJMqLKwImJ6-mziS_A","human-bot","Medium",5,1,1075,215,0.600558139534883,429,426,193,27,72,0,72,0,0,15,427
"DQXfmxfUVOArrHiQYlPZGg/vDdRIg6TtA72csQxy94FNQ","human","Small",2,0,69,34.5,0.297101449275362,34,35,0,0,0,0,0,0,0,0,12
"Dt7BLjLq3PKEnZq0oohkiw/_qBaFKywmk1kDSWlzkLP2w","human-bot","Large",8,1,269,33.625,0.411245353159851,113,108,48,0,114,6,108,0,0,NA,NA
"Du6gOueRmcjcbxWCdEAgKQ/eN7wT7Tt_3ZCsvwNMpYkYw","human","Large",13,0,927,71.3076923076923,0.659364368102232,187,680,60,0,0,0,0,0,0,22,312
"DUnkFHFplcEK5mo58hCbaA/9EWZAlLCqWADXrE_jaGjAA","human","Medium",5,0,318,63.6,0.642767295597484,294,21,3,0,0,0,0,0,0,0,38
"DVh7EgPWRsXgH6xfEnd7xQ/kOZcLrefdLpdpHOmLB7yXw","human","Small",2,0,42,21,0.142857142857142,30,12,0,0,0,0,0,0,0,NA,NA
"DWzZ6KSAu89Syu4yUHqGRQ/HM8xnkyGhSq8M1mvz2hV3w","human","Small",3,0,28,9.33333333333333,0.523809523809523,28,0,0,0,0,0,0,0,0,NA,NA
"dyn_gpf1VmC9MOGo0ZG75w/Q5QzQrN2WhO45pM5B-JOHQ","human","Medium",4,0,153,38.25,0.429738562091503,96,33,24,0,0,0,0,0,0,NA,NA
"dZvaysch8VSvb7rT1gLq6Q/sqIEhng8EoAyQTc0Ms1CXQ","human-bot","Medium",6,1,108,18,0.669753086419753,83,14,11,0,21,0,21,0,0,5,12
"e7tZdwujz24CB5C6W3fnWg/5nWIWHn_eyZH6dRYALNpgg","human","Medium",4,0,301,75.25,0.563953488372093,207,38,56,0,0,0,0,0,0,34,62
"e7tZdwujz24CB5C6W3fnWg/BZS5tUa9YYxzHeCWXsvCNQ","human","Small",2,0,41,20.5,0.256097560975609,13,28,0,0,0,0,0,0,0,9,18
"Eag923DVr5ucXmbrQRLn5w/dirNQfG34StIw2hLBMjzUw","human","Small",2,0,22,11,0.0909090909090909,17,5,0,0,0,0,0,0,0,NA,NA
"eau1pOQYwnzWYNwcKXl-qQ/-ZINNXPWvlSznOXnAJOwkg","human","Small",2,0,27,13.5,0.425925925925925,24,3,0,0,0,0,0,0,0,NA,NA
"eFqx5qo4-OEbTu9CS0Xosw/BwekL-nwj_bNR9E9aCzUPQ","human","Large",7,0,1381,197.285714285714,0.565635667735595,225,640,516,0,0,0,0,0,0,11,325
"eIOrG09vYc80gjc-U2IZ9Q/Sct_TTYcQ2sfX2xanCKovg","human","Small",2,0,49,24.5,0.377551020408163,34,13,2,0,0,0,0,0,0,NA,NA
"eIPosZ68E2LjtaixYK65EQ/0Rp6D1ZR1w4YspfD1H-PfA","human-bot","Small",3,1,1639,546.333333333333,0.413260117958104,1114,283,223,19,156,0,156,0,0,21,204
"EjpPgOq_HH90htBddkV-Sw/HshWPt4qCSXJ9W0xV2OgWw","human-bot","Small",2,1,47,23.5,0.223404255319148,45,2,0,0,46,0,46,0,0,NA,NA
"EjpPgOq_HH90htBddkV-Sw/mMqYIeNE0opAWXSWVN6o5Q","human","Small",2,0,56,28,0.303571428571428,56,0,0,0,0,0,0,0,0,NA,NA
"emz46gJX8y-_z2EgFIgkhA/B0VltaIMnbhcnBB0_IAriA","human","Small",2,0,23,11.5,0.326086956521739,23,0,0,0,0,0,0,0,0,NA,NA
"eN_a2VYCMctRzOP7eHKFJg/5r_OuF-RF7hoBMd_iys_KQ","human-bot","Medium",4,1,554,138.5,0.656137184115523,367,59,128,0,13,0,13,0,0,21,97
"EVwSwanSxgieUWrSaocs1w/I4lskFMfmwxBvom2OeE_rA","human-bot","Small",2,1,26,13,0.153846153846153,26,0,0,0,33,0,33,0,0,NA,NA
"EVwSwanSxgieUWrSaocs1w/ZJo7vTr6RGQHCeFZCyB10A","human-bot","Small",2,1,17,8.5,0.088235294117647,17,0,0,0,33,0,33,0,0,NA,NA
"F7CYZxK3HpPAfj3PWE8kVA/ZUu0xgO6hE07G6PfEabYcw","human","Medium",4,0,33,8.25,0.446969696969696,28,5,0,0,0,0,0,0,0,NA,NA
"f7Eo21MyQpwfg3Jz92nq7w/3tyEIX_6UNtHSDqrzqDSHQ","human-bot","Large",8,1,78,9.75,0.487179487179487,54,17,7,0,18,0,18,0,0,NA,NA
"f7Eo21MyQpwfg3Jz92nq7w/ElxFeDcmu26CxZIHraOZZg","human-bot","Large",7,1,65,9.28571428571428,0.404395604395604,35,30,0,0,22,0,22,0,0,NA,NA
"f7Eo21MyQpwfg3Jz92nq7w/PHHeSLwiU7U57TaEdDL9Zg","human-bot","Large",7,1,73,10.4285714285714,0.422700587084148,50,20,3,0,17,0,17,0,0,0,11
"f7Eo21MyQpwfg3Jz92nq7w/R_qMhRMlg0dHK6WXnc12KA","human-bot","Large",8,1,90,11.25,0.380555555555555,54,33,3,0,25,0,25,0,0,NA,NA
"f7Eo21MyQpwfg3Jz92nq7w/wG2sGb_3JFH-mtNIqi6jNQ","human-bot","Medium",6,1,37,6.16666666666666,0.382882882882882,26,6,5,0,14,0,14,0,0,NA,NA
"f98q7bdDsSQYCtOMCf7bFQ/zUDsxb734kH4xm4M8BO-HQ","human-bot","Small",3,1,43,14.3333333333333,0.372093023255814,29,11,3,0,1,1,0,0,0,NA,NA
"Faf16fzx4L9UnbvU8d9szg/7mSiCS7m4gJT301yTwPpBw","human-bot","Small",3,1,77,25.6666666666666,0.372294372294372,65,0,12,0,38,0,38,0,0,NA,NA
"FAhkB4rsocfDW0vrM8U8NA/3KHgTzOwWtAxTXlp_mbqoA","human-bot","Large",15,2,4821,321.4,0.689096314734149,2564,1801,386,70,270,90,116,52,12,13,1522
"FAhkB4rsocfDW0vrM8U8NA/79hTfi93ZsVkOhkxGogN5Q","human-bot","Large",17,1,348,20.4705882352941,0.727518593644354,337,10,1,0,17,0,17,0,0,NA,NA
"FAhkB4rsocfDW0vrM8U8NA/jbgxqYEL0BTbxLSeDRNyrg","human-bot","Large",8,1,168,21,0.34375,71,33,64,0,10,0,10,0,0,12,32
"FAhkB4rsocfDW0vrM8U8NA/Ng4uzgdQdnXc7YC6hn1tzQ","human-bot","Small",3,1,228,76,0.558479532163742,152,75,1,0,13,0,13,0,0,42,90
"FAhkB4rsocfDW0vrM8U8NA/NZlLRVCRuLxzFuuRWU2Odg","human-bot","Large",34,1,3194,93.9411764705882,0.702530479944012,240,1746,1203,5,137,0,137,0,0,10,500
"FAhkB4rsocfDW0vrM8U8NA/Tl_ZLGwQZrAi-GHyEKl_jA","human-bot","Large",18,2,2328,129.333333333333,0.68012600229095,573,795,960,0,117,12,66,39,0,22,303
"FAhkB4rsocfDW0vrM8U8NA/x48tfDezFe8qzB_Gbe_tMA","human-bot","Large",54,1,15448,286.074074074074,0.625009590118342,2056,7944,5382,66,282,0,282,0,0,9,1015
"FAhkB4rsocfDW0vrM8U8NA/zHikYkcLoXRCKt2cUrRvvg","human-bot","Large",17,2,816,48,0.683823529411764,177,447,192,0,217,45,113,59,0,11,241
"fCU0oLsk2VDqt1FQd442wQ/vw66CigJCpLmnGJpmxSrwg","human-bot","Large",14,1,1637,116.928571428571,0.791212147656863,518,935,184,0,92,0,92,0,0,2,246
"FDb_8jwa45uK520TxpQ9bw/xSBZ8ZL5Cgew8MHvU9tKtw","human","Medium",4,0,160,40,0.565625,104,47,9,0,0,0,0,0,0,54,16
"FGpMFK2rWnBUxlxkri8Odw/OjSoKzriwQgjYnWHmaRCcQ","human","Small",3,0,31,10.3333333333333,0.043010752688172,17,11,3,0,0,0,0,0,0,NA,NA
"FHn2oD12fabjlrDK8eaU4A/HCHZsZKYZF-iU02YKO4HeA","human-bot","Medium",6,1,461,76.8333333333333,0.442877801879971,175,227,50,9,6,0,0,0,6,3,84
"fIgBqtr96Q68yDzTQRclMA/eAngM6cO0sPH6rOIX8lYaA","human-bot","Large",10,1,700,70,0.570285714285714,381,183,136,0,46,0,46,0,0,76,109
"FJmB0zbVT0ileOMUPtWRIQ/v2hyhTxDNjcQKAdrTbpb-g","human-bot","Small",3,1,8,2.66666666666666,0.416666666666666,8,0,0,0,24,24,0,0,0,NA,NA
"fkkmd8ab0sbjKIQZYKKfOA/tZ6dSuhVcyZ9RPiiPuWjMw","human-bot","Medium",5,1,197,39.4,0.527918781725888,74,91,32,0,62,0,62,0,0,0,23
"FseyYcRsRo_SPy33zmFRjA/nuIn5hUXe7uVSjgXkRsr5w","human-bot","Small",2,1,162,81,0.308641975308642,113,12,37,0,5,5,0,0,0,NA,NA
"FUXrA4bE01abs9kN7Czw2w/_n-GXPqrrB8rikeOy_lrJQ","human","Large",13,0,1368,105.230769230769,0.712550607287449,935,262,171,0,0,0,0,0,0,12,430
"FWlY7MhFDPs6I4lwqFU_Zg/0lxyhqRtu27uzFz92s1YGA","human","Medium",6,0,884,147.333333333333,0.589366515837104,689,188,7,0,0,0,0,0,0,19,155
"fXw5RvENaz6by5XAZzoajA/9xNF7TiDMUdA8OL0-diWsQ","human-bot","Medium",4,1,189,47.25,0.496031746031746,136,19,34,0,10,0,10,0,0,84,14
"fXw5RvENaz6by5XAZzoajA/r0Jz9LP1xzgSjw1GpDOGEA","human-bot","Large",7,1,389,55.5714285714285,0.634594197576202,160,179,50,0,26,0,26,0,0,4,55
"Fy0F45q88KVF3TGPY-SOJA/IYxa3hsDuJG4BVBMu1yX7A","human","Small",3,0,45,15,0.562962962962963,45,0,0,0,0,0,0,0,0,NA,NA
"g2AZQrZ2vF1r4L47w0l-Ug/7uxzPhX4rWfY2s9RmS9N9g","human-bot","Medium",4,1,716,179,0.499301675977653,504,192,5,15,60,0,60,0,0,2,213
"G4ciXHNLCpNOnOM__FPJzg/QIHHVGu1EWNeokNu5tRNKQ","human","Small",3,0,301,100.333333333333,0.571428571428571,135,126,40,0,0,0,0,0,0,NA,NA
"G4ciXHNLCpNOnOM__FPJzg/v1eHYw68dE0va5OeQQoAig","human-bot","Large",10,1,2721,272.1,0.822087467842704,1322,1289,64,46,282,0,282,0,0,6,717
"G5SMufxCBdRg7Z0noPNUTw/iCYEz1vcvF0LWGSBxJp5Hw","human-bot","Small",3,1,177,59,0.39924670433145,170,7,0,0,138,19,119,0,0,NA,NA
"GBTWLXvlyypMN1EnYUTX-g/8fvuxXXVNZjTvBgoQ5LK0A","human-bot","Small",2,1,84,42,0.214285714285714,64,10,10,0,23,0,23,0,0,NA,NA
"GChw8QQ_KUPepXGZGDWicQ/i0sviV9jQfSbU5pGv-PSYQ","human-bot","Small",2,1,94,47,0.276595744680851,62,23,9,0,14,14,0,0,0,0,15
"GFE1T243KmIE1u3w90Om1w/yg3RgoWxhlnPqoeVlNhTkQ","human-bot","Medium",5,1,144,28.8,0.569444444444444,62,36,46,0,22,0,22,0,0,8,23
"ggTe6Jckzm9wNiPu-7PnnA/0FabeGA8-XikkTeMlgUcqw","human","Small",3,0,400,133.333333333333,0.333333333333333,331,65,4,0,0,0,0,0,0,144,38
"giooZl50Eth7UWHquJK5lg/fj6ofzsYhbLTnta4Y4my1Q","human-bot","Small",2,1,203,101.5,0.495073891625615,202,1,0,0,47,0,47,0,0,0,15
"gIQ2G_m2P6ZuzTVXknlqVQ/qaMPkH89iSRkEcsdjDmHow","human","Small",2,0,30,15,0.166666666666666,6,24,0,0,0,0,0,0,0,NA,NA
"glwZMmNwLgd9EWhRW4CBcw/npZUsA0pDuscTVXNqp1-ug","human-bot","Medium",5,1,193,38.6,0.484974093264248,165,27,1,0,32,0,32,0,0,NA,NA
"gNJEGO7gaygHi0Xs_pvTbg/KHvCA-cVnsvfCHHvYhpZnw","human","Medium",5,0,172,34.4,0.388372093023255,65,107,0,0,0,0,0,0,0,0,108
"GRG0ycqaVJHONxjFyFSH4A/icelsz3xYgUqQn_wx6s8xg","human","Medium",5,0,74,14.8,0.124324324324324,10,62,2,0,0,0,0,0,0,0,28
"gTEYgAhIF-JfFC38Pe_DVw/FTxxjshP3pvQ90D4UNrB5A","human","Large",8,0,154,19.25,0.444805194805194,154,0,0,0,0,0,0,0,0,NA,NA
"gyLeobRpXh3w8LmbIdRQXg/j3BB6mgbbWPnJXPOXBaA9A","human-bot","Small",2,1,507,253.5,0.480276134122287,470,19,18,0,24,0,24,0,0,31,47
"h2AGUv6cPDlb3DiaCM5Ntw/UEakP9P4GEvoZDWePVyb2g","human","Small",2,0,97,48.5,0.479381443298969,97,0,0,0,0,0,0,0,0,NA,NA
"H9vGdaaP1YVEiTPLrfBRxw/IzEjU4qVFvS84e1BW2QJLw","human-bot","Medium",4,1,281,70.25,0.388790035587188,231,34,16,0,55,0,55,0,0,NA,NA
"HAcK9vOZl0KXMfObU8HJ4Q/yvj--in_zp-8WhyEGGDoqw","human-bot","Small",2,1,72,36,0.333333333333333,53,11,8,0,4,4,0,0,0,NA,NA
"hgv-3y9Die1tLpnzNs6_NA/hgv-3y9Die1tLpnzNs6_NA","human-bot","Large",12,1,2293,191.083333333333,0.696794592237243,940,1286,67,0,111,0,111,0,0,10,230
"hK1G29Exx1rqZeqygZ8pQA/N8CfLYocAtLO9EnZJaIlCQ","human-bot","Medium",4,1,392,98,0.346938775510204,349,39,4,0,17,0,17,0,0,7,177
"hKvuUFIh4HL0fiwgzpquUA/23Ai2xnKF7ehi6Ge8sjipA","human-bot","Large",9,1,398,44.2222222222222,0.634840871021775,155,211,32,0,18,0,11,0,7,9,53
"hmgNUKTisuYgvgq3LH6X3g/enAzDeunE20nP9AB5-wu_g","human-bot","Small",2,1,79,39.5,0.487341772151898,78,1,0,0,17,0,17,0,0,1,32
"HWM9r7rpXF8Q7jXAo8ShRQ/JTCP509cmWAtE3-Sv28qBg","human","Small",2,0,23,11.5,0.413043478260869,23,0,0,0,0,0,0,0,0,NA,NA
"hXoZRbHPbVxh--funPXSiw/iNU0l_SpKVjGfHOp8vUt8w","human-bot","Small",2,2,910,455,0.0659340659340659,207,369,334,0,114,0,114,0,0,4,64
"hyiZiFwXhZNneeIkxnJ1Ug/6xsN62US3g59csggETSkYw","human","Small",2,0,25,12.5,0.42,25,0,0,0,0,0,0,0,0,NA,NA
"HYlT554vTKWJ-MJ_of9OOQ/E_r0qAEdYXq2HBj0rMXbaQ","human","Small",2,0,29,14.5,0.224137931034482,29,0,0,0,0,0,0,0,0,NA,NA
"HzhwvidPbEmz4xoMZyiVfw/sLD5mQnrR9IArF8AF21IGA","human-bot","Large",11,1,497,45.1818181818181,0.767148344613133,492,5,0,0,90,90,0,0,0,NA,NA
"i_W8Bee2LcTjoxHjx8Vk2Q/RjUZvvHP1o39mUhOxe4EcA","human","Medium",6,0,657,109.5,0.554794520547945,400,145,112,0,0,0,0,0,0,3,52
"I0yWSrCv2Tn-LWp-Xn3LHw/dvfdpyHO1vS1Ars7aKglRg","human","Small",3,0,29,9.66666666666666,0.413793103448275,29,0,0,0,0,0,0,0,0,NA,NA
"I1zTLQ0sX0_e1IKG0DL4FQ/1obWttaaw8DkHzSckiVWpw","human","Small",2,0,22,11,0.181818181818181,22,0,0,0,0,0,0,0,0,NA,NA
"i5DtZFAdPQkqH1rDsU80PA/DJ_gWzKibuno0HEbOQBKcQ","human-bot","Small",3,1,121,40.3333333333333,0.484848484848484,71,39,11,0,30,0,30,0,0,4,40
"i5YFEkknjutnUjNZXOyg3g/Q-VcM-E-yt5UImgDmN8qQw","human","Small",3,0,91,30.3333333333333,0.153846153846153,91,0,0,0,0,0,0,0,0,NA,NA
"I9aFTiqX44FoEsIsa1sR0g/4mjcOhM85X5KPHTx8wtn_w","human","Medium",5,0,748,149.6,0.77807486631016,733,15,0,0,0,0,0,0,0,0,20
"iA0iaOJzE36WSkwVRkPtoA/a61QxH1chchxDCTRKgeh1g","human","Medium",5,0,26,5.2,0.246153846153846,26,0,0,0,0,0,0,0,0,NA,NA
"ibfurkLReUiMbd0v3pjwIg/FSzY9-ZHmv_Ln2Qy8ARtVg","human-bot","Small",2,1,233,116.5,0.448497854077253,199,22,12,0,25,0,25,0,0,47,18
"ibPkRL8wULOcIekSgQ-e2w/s-RN85yjJV03lxFa0-InHQ","human-bot","Small",2,1,571,285.5,0.485989492119089,546,21,4,0,96,0,96,0,0,5,73
"IDJdB90q5F-NNkmRrzjLFQ/-Tl8Cz4wT0kGUpspImRM0g","human-bot","Large",11,1,2085,189.545454545454,0.652714192282537,253,1468,358,6,362,174,188,0,0,56,312
"iDQFdgyOrG9XnmYIJ1ZwsQ/CcnqAEsMCCK3W97DIrkP9A","human-bot","Large",18,1,975,54.1666666666666,0.556638176638176,243,704,28,0,96,19,73,4,0,0,294
"igHT01L5-7X7AFeUJ3FYLg/6C8D_0yBCB3H-audcSRNRQ","human","Small",2,0,79,39.5,0.132911392405063,74,4,1,0,0,0,0,0,0,NA,NA
"iI6ziDUfY2jsPO-6dx7ZMA/kpqIdOLesm_dTFvRSof_-A","human","Small",2,0,31,15.5,0.0161290322580645,31,0,0,0,0,0,0,0,0,NA,NA
"IiUao8vA_zm_uEIVVLI-Sw/91ya8vlSP8qgwCllH_6BSw","human","Large",25,0,3599,143.96,0.863506529591553,1249,2350,0,0,0,0,0,0,0,0,1245
"IK_g-zXvb4LeRhnNFCH9Qg/f_MJQydbmdBPtIqL8BnjfQ","human-bot","Large",11,1,1548,140.727272727272,0.660911439981207,713,363,472,0,36,0,36,0,0,23,127
"IK_g-zXvb4LeRhnNFCH9Qg/MoYHCH7Ey-aTjyc7vfRipw","human","Large",17,0,1856,109.176470588235,0.616379310344827,501,935,420,0,0,0,0,0,0,59,108
"IK_g-zXvb4LeRhnNFCH9Qg/PSawsXBlws8pwGwBAYTGhA","human-bot","Large",13,1,731,56.2307692307692,0.723981900452488,389,212,130,0,16,0,16,0,0,7,38
"IkxN6EfbU81ZypnyzcQoCQ/r8I-DAd0YFNDjMhSZ1XHgg","human-bot","Medium",6,1,990,165,0.548484848484848,40,928,1,21,666,644,22,0,0,2,190
"IkxN6EfbU81ZypnyzcQoCQ/uidwVvzWflMu_Pg88kg1_g","human-bot","Small",3,1,119,39.6666666666666,0.42016806722689,23,95,1,0,58,54,4,0,0,4,33
"Il-kkQOTcufdb0HcGOsSxg/Jt2LcC8eNRhA3kDLDOnf-w","human","Medium",6,0,76,12.6666666666666,0.469298245614035,76,0,0,0,0,0,0,0,0,NA,NA
"ilEEnZRNdUqNk7tvvGBo1Q/8xHANrgyHiFV3TuhcqwrpQ","human","Large",8,0,14,1.75,0.25,14,0,0,0,0,0,0,0,0,NA,NA
"IPQBYJ5Cp-DPJL-U7BLbsw/s3s6fWb4KsNxsX_xAk8R1Q","human-bot","Small",2,1,52,26,0.442307692307692,42,10,0,0,23,0,23,0,0,NA,NA
"Iput0s8_LPvasQTIhOmp7g/p8HydCeDkoyeJMEuQM_H6w","human","Medium",5,0,84,16.8,0.328571428571428,84,0,0,0,0,0,0,0,0,NA,NA
"iQ5yxZTl0MolPJJ8f3yitQ/Id5c_t0tg8x_QFqoZPfcpw","human","Small",2,0,57,28.5,0.289473684210526,47,6,4,0,0,0,0,0,0,0,12
"iWqafnw2pLSQT_irmZTK-Q/pcAqO1enjvePvKT2UAKTIw","human","Medium",4,0,61,15.25,0.487704918032786,61,0,0,0,0,0,0,0,0,NA,NA
"iWTM6M2ksFEZWjjhk-EkhQ/sjcApidwVbQNm76uuakYiw","human","Medium",4,0,1557,389.25,0.486351958895311,802,658,97,0,0,0,0,0,0,NA,NA
"iWYj9sqb5JcYc87hoH1X_Q/ee9SL8r2YYmKYIlFgTP5zA","human","Small",2,0,512,256,0.1171875,280,109,123,0,0,0,0,0,0,3,62
"IyfocAGfAHLncCVJUujqTA/A_QZ6HlUb5sRQHhPa7SGzQ","human-bot","Medium",4,1,1049,262.25,0.448760724499523,739,213,91,6,52,0,52,0,0,27,243
"J0faMLrya6B4zR56w_7nYQ/CiWjuB3u03_NEELJ8NCaZw","human","Small",2,0,36,18,0.277777777777777,22,14,0,0,0,0,0,0,0,1,16
"j9wc2HRCyP7cJecuXHvGtA/aSJGod8SfdlMjqys9HJuqA","human","Small",3,0,47,15.6666666666666,0.382978723404255,47,0,0,0,0,0,0,0,0,NA,NA
"JB_orx4DgRjNgXBIpl-APg/dVRG39nfsWUoGkVQOwWIjQ","human-bot","Large",19,1,1099,57.8421052631579,0.619318998132273,159,852,88,0,48,0,48,0,0,9,272
"JBbT--F7SgmfP13ZdWqxCw/U0XGqrZWynfs1GOhTkSMAg","human-bot","Large",9,1,734,81.5555555555555,0.439297608234937,408,108,218,0,266,0,266,0,0,NA,NA
"jGdMMTJzTZ926BJm58EqOw/Kq59JBq1hsGrAQym-ZZ1QA","human","Small",2,0,438,219,0.0616438356164383,438,0,0,0,0,0,0,0,0,NA,NA
"jHl-cvTcrDOwZrxS3RovgQ/tybAClTZR8yfBexcOuauPg","human","Medium",4,0,368,92,0.452445652173912,338,25,0,5,0,0,0,0,0,118,22
"jj2OV5CQQvp3IrCN2Zdoow/XVTBlUVLeD4mruDW2y_-pw","human-bot","Medium",4,1,1627,406.75,0.692224953902888,1318,271,32,6,86,0,0,86,0,4,373
"jN3RgakYgX2RV184zKYdJg/oh7JAOo014MUkuQDXNubPQ","human","Small",3,0,97,32.3333333333333,0.233676975945017,97,0,0,0,0,0,0,0,0,NA,NA
"JOc_7hfKmSzyhXm9JXrzeA/1OsAtuLeczHXTdGQKzyKMA","human-bot","Medium",4,1,610,152.5,0.551639344262295,240,359,11,0,44,0,44,0,0,15,196
"Jpk9Rrr185mIWEA2zXZhNw/V2Ou2sAq_ShCvSQz-L-mnQ","human-bot","Medium",4,1,411,102.75,0.301094890510948,118,135,158,0,32,0,32,0,0,20,37
"JPSLIbsfVohTwfX430NjbA/msky2f8bvuzfQeT4BUzNAA","human","Small",2,0,22,11,0.454545454545454,22,0,0,0,0,0,0,0,0,NA,NA
"JsrncYwyGAp6D44Z1tQKWQ/WhempRcC-R1Q2IOhwLsXiQ","human-bot","Large",7,1,285,40.7142857142857,0.609523809523809,41,242,2,0,14,0,14,0,0,3,228
"Jt7Q4PdwU-LOc-TvzPUZKw/svKYWd31rxerOQ3-RBYLag","human-bot","Small",2,1,126,63,0.182539682539682,61,3,62,0,11,0,11,0,0,NA,NA
"jtKWGU6PRoKA0_Hgdf3JHA/mU3k7E4TF0IyNwnNuaKDkw","human","Large",20,0,346,17.3,0.313583815028901,333,13,0,0,0,0,0,0,0,12,18
"JTWxF61cI26Hs57ZbAZvTA/RT2UzpCE1vB1aR9Kg5bkEQ","human","Medium",4,0,195,48.75,0.157692307692307,25,159,11,0,0,0,0,0,0,12,39
"JTZ4O3kEoY3grIBXzs2KdA/lZqlLzsWJk39UxBnnnAWNw","human","Large",7,0,194,27.7142857142857,0.673048600883652,194,0,0,0,0,0,0,0,0,NA,NA
"jUnpX8W9er3h88pG5T7EeA/mf0XPG3jHTK_2uqYHQK5GQ","human","Small",3,0,31,10.3333333333333,0.301075268817204,31,0,0,0,0,0,0,0,0,NA,NA
"JVuINe7hqWikeIR3hN1AWA/z-OzVyqIfZwybjo0MrAaHg","human-bot","Medium",5,1,84,16.8,0.419047619047619,45,36,3,0,16,0,16,0,0,40,12
"k1I2LEdXgzMAPA4niqKBrQ/k1I2LEdXgzMAPA4niqKBrQ","human","Medium",6,0,198,33,0.575757575757575,194,4,0,0,0,0,0,0,0,NA,NA
"k9p5iVDmIZWkYhUhKm-oSw/bvGM7yDaDao1aBiwStLBGg","human-bot","Large",8,1,522,65.25,0.578544061302682,111,382,29,0,18,0,18,0,0,4,170
"kcU_qvEH_y-BumXu1QpNnQ/FL4dW60P1hcLJtWhNFzrkw","human","Small",2,0,28,14,0,28,0,0,0,0,0,0,0,0,NA,NA
"kGJo45PYDkGnDipvn-eiBA/WGxZx8YwjVxs9X6fu37B3g","human","Medium",4,0,80,20,0.55,53,23,4,0,0,0,0,0,0,35,23
"kiqoKSJ3qsG9i4jUdpl1Eg/3uYtxA677CtTXeniI5eUUw","human","Medium",6,0,103,17.1666666666666,0.564724919093851,103,0,0,0,0,0,0,0,0,NA,NA
"kozDEuBo0KKt8iyeAtO7pw/Khx_dnicluL6V8QNDEKmVQ","human","Small",3,0,103,34.3333333333333,0.362459546925566,101,2,0,0,0,0,0,0,0,NA,NA
"KPGftVZCHYFSVS6Uzda9EA/sJlDE-5nsSe4c6Ujo04BQw","human-bot","Large",8,1,320,40,0.65390625,138,111,71,0,61,0,61,0,0,4,42
"kpY6vTbIlrk6Nrjilv8zhw/o_e0F16zwdovR3aFgIQipQ","human-bot","Large",29,2,2891,99.6896551724138,0.752704588556638,762,1793,302,34,790,1,789,0,0,7,1283
"kRXHmTG1hg25Ms4CoQXuPA/ZDjGaeDQ3pjmkpwswPrEdA","human","Small",2,0,29,14.5,0.258620689655172,29,0,0,0,0,0,0,0,0,NA,NA
"Kt-rl0XZR3DlzU40Jz7-hQ/UzkHjQwrGq7-gxuEpxxk3Q","human-bot","Small",2,1,204,102,0.259803921568627,152,3,49,0,37,0,37,0,0,14,22
"kweBO6mjk8aQevHtIf5gVw/ab9Z29N4XwoNOJj0bQVyhQ","human","Large",7,0,83,11.8571428571428,0.364888123924268,17,66,0,0,0,0,0,0,0,25,22
"L1MIZVW3-7lAznhhb_IS5Q/wFwNtkCF02kltaCEYmFOsA","human","Medium",4,0,190,47.5,0.421052631578947,121,69,0,0,0,0,0,0,0,5,36
"l5L4vtGlUdHWEeuQYbdoww/njBNTo3xt0z6AJkTGYQoqw","human-bot","Small",2,1,210,105,0.433333333333333,191,19,0,0,16,0,16,0,0,2,13
"LDm8GbdhrDbcBGJF0dR_5g/-L63SLGp3n6MA-y5Di59og","human-bot","Large",18,2,840,46.6666666666666,0.579894179894179,118,603,113,6,79,0,79,0,0,16,369
"lHuwjRuoxvJeqLtIgi_ywQ/0pxDufDBmxXwN-qRwc-I9w","human-bot","Medium",6,1,474,79,0.451476793248945,315,51,108,0,94,0,94,0,0,NA,NA
"lHuwjRuoxvJeqLtIgi_ywQ/Sk8yDUNYQqRIjlMgIalkCQ","human-bot","Medium",6,1,525,87.5,0.47015873015873,495,9,21,0,23,0,23,0,0,NA,NA
"lJIcjiVQQkZKpe-L35wKxw/DgYzwRdhBsUmbtod207jRQ","human","Medium",4,0,110,27.5,0.286363636363636,106,4,0,0,0,0,0,0,0,0,131
"lJV6eJYsCd5pxaeJJvdzew/7UgO7jpMjXZnbzRVVQJ6bw","human-bot","Small",3,1,327,109,0.583078491335372,302,13,1,11,51,0,51,0,0,NA,NA
"LqO7byDO33jcTWA2OUn9rg/2nW0SwqwK8jgJoKxVIsu-A","human","Small",2,0,49,24.5,0.479591836734693,49,0,0,0,0,0,0,0,0,NA,NA
"LTHZowsQDZbGC90OYfzHSw/8zNKye8mFm3t69MZoY-cxw","human","Small",3,0,31,10.3333333333333,0.43010752688172,31,0,0,0,0,0,0,0,0,NA,NA
"LxjpLsxpQOx-h-t99Cx9zw/EGvK75Kr_qmeO3UNXLYmkw","human-bot","Small",2,1,46,23,0.391304347826087,42,4,0,0,6,4,2,0,0,NA,NA
"m249WmwoXVT2Z2qWOdebOQ/f8Wj1ICHVgPOV9gou-GTQw","human-bot","Medium",4,1,357,89.25,0.587535014005602,5,9,343,0,99,0,99,0,0,NA,NA
"m3y53h0fceMWSkB0jQLQfQ/Ul0Xe52aZysjm3UPYUlhiA","human","Medium",4,0,24,6,0.333333333333333,24,0,0,0,0,0,0,0,0,NA,NA
"M6PIFP2jTZsl60-xvbfEdA/H0YQr_2okjq4-Rn5k2lAiA","human","Medium",4,0,41,10.25,0.676829268292682,40,1,0,0,0,0,0,0,0,NA,NA
"MaFi1fZ2S4ui0tmu-JRTuw/-zf84VVDEbWahvKNM7NwwA","human","Large",11,0,2492,226.545454545454,0.742521523420399,1283,1065,144,0,0,0,0,0,0,10,338
"mbUIiDtepZ-plVUvARfogg/ZmIj8UObDGzUt3kV0jwXMw","human","Small",2,0,32,16,0.09375,32,0,0,0,0,0,0,0,0,NA,NA
"MC6oqT7o22Y_rULWJZllfA/EtykVMreGZGbhN6lieSopA","human","Medium",4,0,212,53,0.516509433962264,107,43,62,0,0,0,0,0,0,NA,NA
"MC6oqT7o22Y_rULWJZllfA/MXyVzmYYom7cgybNB0CjFQ","human-bot","Large",7,2,1421,203,0.504071579370664,444,277,644,56,77,0,77,0,0,19,124
"MC6oqT7o22Y_rULWJZllfA/zAM1qPoyWqHwI-dmhq2K3w","human-bot","Large",16,1,5340,333.75,0.683637640449438,1912,1283,2129,16,271,0,271,0,0,16,371
"MERROIdXLWC0y5i7_f3KPQ/yNaCeRAB7oaASSSKW2AkZg","human","Large",9,0,471,52.3333333333333,0.645907053550365,113,6,352,0,0,0,0,0,0,NA,NA
"MGp0tLPnMFBSB8NX_2_c5g/qxeFCXjjaq9qK4gI8d7ZcQ","human-bot","Medium",4,1,393,98.25,0.321246819338422,84,179,130,0,55,0,55,0,0,3,54
"mhTPqXCQ28OllpzB19pafQ/fyBZeIK-7D5bVgkpkdy06Q","human","Small",3,0,187,62.3333333333333,0.13903743315508,187,0,0,0,0,0,0,0,0,NA,NA
"mlwh8X1uII1kY_r0q0soFg/bewXXMcoFhqp0VGrhwY82Q","human","Small",3,0,150,50,0.48,122,15,13,0,0,0,0,0,0,0,7
"MLXj5FKLpZoA6Md_FiVpyA/TP3MVxIjPnFcX8CQH7qDUQ","human","Medium",4,0,90,22.5,0.411111111111111,90,0,0,0,0,0,0,0,0,NA,NA
"Mm3jjXrvOd6zcmzS4gGOxw/fAKHKj6riFXfyVUj1I5xgg","human-bot","Medium",4,1,238,59.5,0.512605042016806,102,114,22,0,62,0,62,0,0,153,48
"mVJ_xYehejaVGZ8Ao7rGRQ/osa4WqtCN3RisGoLJGnSgA","human","Small",3,0,49,16.3333333333333,0.326530612244897,49,0,0,0,0,0,0,0,0,NA,NA
"n--l9fdRRPqwXaOgzJuhKA/XRT5vXv6hj1cPXPoOYR3Ww","human","Small",2,0,115,57.5,0.360869565217391,80,35,0,0,0,0,0,0,0,143,52
"N8g4ZC6Vvq2I2coz6fosrw/8DcNioAE86rWl0szm0fukg","human-bot","Small",3,1,249,83,0.586345381526104,170,57,22,0,76,0,76,0,0,3,59
"nDaqzmwnRRFqJJJG5syg6A/GAeb_ohF3mfbxIuioYDmow","human","Medium",4,0,237,59.25,0.239451476793248,72,16,149,0,0,0,0,0,0,20,15
"ngSVj6VTjd4i-2uKL7xyNw/fwQr_H-dEUQrf4NfYa7paQ","human-bot","Medium",5,1,395,79,0.408101265822784,276,59,60,0,79,0,79,0,0,NA,NA
"NH1URNgZ4obRYqTrgrVbxA/qAmdA8bb5r6yUYHRun6hVg","human","Medium",5,0,72,14.4,0.35,72,0,0,0,0,0,0,0,0,NA,NA
"nJ6gWwTNEwyAL5ybgV4HRA/Nez8SODaPpj7ov82wtOj5g","human","Small",2,0,119,59.5,0.483193277310924,119,0,0,0,0,0,0,0,0,NA,NA
"nLLY8RV2WK5wW4cSswIwOw/4pqAmbJQCvdKRIu9N11Y_w","human","Small",3,0,30,10,0.377777777777777,30,0,0,0,0,0,0,0,0,NA,NA
"NO4YUkGVUjkndQ27LmAw9g/jFmKnmbN1yVBKqc_LmoVtQ","human","Small",3,0,29,9.66666666666666,0.528735632183908,29,0,0,0,0,0,0,0,0,NA,NA
"NOlGvS0R3KHXaQWBNa9P7A/icFCY6pTTzC_hidY8-o43A","human","Medium",4,0,31,7.75,0.39516129032258,30,1,0,0,0,0,0,0,0,NA,NA
"NoVwj9WUpoYapz8YHmV9xQ/vEzEVPDYe8WBjiUGitSj6g","human","Small",2,0,26,13,0.192307692307692,26,0,0,0,0,0,0,0,0,NA,NA
"nQKb0JlDx6FRIhlmJKVHPA/k_nqYNDbvjph7I1KoqsXUw","human","Medium",6,0,274,45.6666666666666,0.630170316301703,225,36,13,0,0,0,0,0,0,25,46
"nSHn224tLFtuhaRVPDJv0w/2xE_xLUjkkuSDnW3-FKgOA","human","Medium",4,0,89,22.25,0.317415730337078,89,0,0,0,0,0,0,0,0,NA,NA
"nSR-HyT8s9VxAS0Rk8V_7w/nSR-HyT8s9VxAS0Rk8V_7w","human","Small",3,0,89,29.6666666666666,0.149812734082397,69,12,8,0,0,0,0,0,0,62,23
"NtKTj7zbcJDi5KBkCVUsug/-UAPBK3VxONRihRwJV8rbQ","human","Small",2,0,70,35,0.242857142857142,70,0,0,0,0,0,0,0,0,NA,NA
"NTZ1HEKI72DFs2gghvK4-Q/eJb4-mk5jFbYamU1dhXEHw","human-bot","Medium",5,1,131,26.2,0.244274809160305,48,31,52,0,20,0,20,0,0,NA,NA
"NTzKcdds6jmIJMOrMb-01g/p3_qgyf3g8uN2w7Mg3mwcA","human","Small",2,0,88,44,0.125,23,65,0,0,0,0,0,0,0,41,24
"nUf_aDCKttkQCWIMbfd4MQ/AW7f77ocRLgWxO84o3voow","human","Medium",5,0,50,10,0.312,50,0,0,0,0,0,0,0,0,NA,NA
"nyL9U0ilM8owQ1brREp01g/VHOBKDIDQEimcRuRgOsk_w","human","Small",3,0,201,67,0.33167495854063,182,19,0,0,0,0,0,0,0,11,14
"NYU3dGWMfoOjxhAzLqmv5A/yzpqgks46W9k4nWs2ZN32Q","human","Medium",4,0,140,35,0.382142857142857,43,47,50,0,0,0,0,0,0,4,9
"o-m9mUr21Ca6xEbQL9xjdw/CZ_yAQIlsxU2SDPLrdadrw","human","Large",19,0,1211,63.7368421052631,0.720326828632274,222,987,2,0,0,0,0,0,0,0,345
"o66gqZbXYaetUf3ZEfixkg/X2ORxIXj76g-Mq7rCSJ77Q","human","Large",10,0,377,37.7,0.616710875331564,208,108,61,0,0,0,0,0,0,NA,NA
"O6YXL5dM9PbkK1XlFmXiMg/GcannG0yjgiR9WD2q878iw","human","Small",3,0,35,11.6666666666666,0.4,35,0,0,0,0,0,0,0,0,NA,NA
"O8b2IFn80coqzdP6IwbEKg/uAklmRuq-bJgMfb-PuSjSg","human-bot","Medium",4,2,35,8.75,0.35,22,13,0,0,26,0,26,0,0,NA,NA
"O8dgGpsuZQYi6p711nSBiQ/a-aXSJx1B5DQVgZYwkFmLA","human","Medium",6,0,417,69.5,0.499200639488409,251,147,19,0,0,0,0,0,0,5,113
"O8dgGpsuZQYi6p711nSBiQ/iLVEoJ2XYPhlbLcn0xpU2Q","human","Medium",4,0,72,18,0.458333333333333,51,21,0,0,0,0,0,0,0,NA,NA
"o9Ux-FSfXdKdhM2Vai4BbQ/oXGElKcECVD9y8ghMJCiRw","human-bot","Medium",5,1,152,30.4,0.452631578947368,37,96,19,0,42,0,42,0,0,16,29
"OArsetLwMV_kKUvGjGyscg/au_OKxGlquZCtnMMKeZPbw","human","Small",2,0,32,16,0.3125,31,0,1,0,0,0,0,0,0,NA,NA
"oCMducbTJbML0j84PJu2AQ/UjtHiBYr0lLZAsAkuiOwGA","human","Small",3,0,110,36.6666666666666,0.575757575757575,107,3,0,0,0,0,0,0,0,NA,NA
"oEhuKhA9TgHh2rXvbNPZGQ/iRcoCvRrOWjctu_pH4PU4A","human-bot","Medium",4,1,211,52.75,0.531990521327014,145,31,35,0,16,0,16,0,0,NA,NA
"oeL4i6GEj76WzccrBylQkA/7riV7xcMRiztyzuONQ3fVQ","human","Medium",4,0,322,80.5,0.386645962732919,244,78,0,0,0,0,0,0,0,34,121
"Of5d0F4cPoOmiajt90YbxA/YI_kRmgWWemOYiFN5OUVdQ","human","Medium",4,0,228,57,0.37938596491228,223,5,0,0,0,0,0,0,0,0,35
"ohEaSvixHzLXI54JmkDtcA/0b76A8ecoLhOzEiN6pa8aA","human","Small",2,0,367,183.5,0.429155313351498,366,1,0,0,0,0,0,0,0,NA,NA
"oJR1Hn4oQEB8AlKstKzHsA/oJR1Hn4oQEB8AlKstKzHsA","human-bot","Medium",6,1,1148,191.333333333333,0.463124274099883,114,745,289,0,57,0,57,0,0,57,352
"oJrPa9IRnH1UT-WY4WFrtg/pM4tDHrc6fgZbK_xkms0wA","human","Medium",5,0,60,12,0.386666666666666,60,0,0,0,0,0,0,0,0,NA,NA
"OlGNC-WXhZfwz3MzSTz2wg/bqcnhQNo6--X2sR_FeYq7A","human","Small",2,0,510,255,0.472549019607843,430,80,0,0,0,0,0,0,0,0,72
"oLRyRQtwREy2b76lwXatmA/EqsZL2Si6oZXIzZIcYnV2g","human","Medium",4,0,59,14.75,0.34322033898305,59,0,0,0,0,0,0,0,0,NA,NA
"ON-SytZUvlV7Pidg5PvBUw/1PjWpsNdv3_3mh9tSehBhA","human-bot","Medium",6,1,487,81.1666666666666,0.556810403832991,131,111,245,0,25,0,25,0,0,NA,NA
"ON-SytZUvlV7Pidg5PvBUw/PRjzakWt_cHev8-FhYlOcA","human-bot","Large",8,1,221,27.625,0.536764705882352,87,80,54,0,31,0,31,0,0,NA,NA
"ORMCD2pz7-w22I6JTm7l0g/HlXd3bPGEq1b_0JtJVZSrA","human","Medium",5,0,246,49.2,0.52520325203252,186,29,31,0,0,0,0,0,0,NA,NA
"orUqs7eqk5gLzHyHtZHnBQ/n5wY3lp1zD9WG_Pe9HlNCg","human-bot","Small",3,1,193,64.3333333333333,0.556131260794473,42,129,22,0,32,0,32,0,0,3,53
"oUFHIGXMJuH_zgo1n_PHMw/_JZPqk8B9zmJ_09KZJ7Xvg","human-bot","Small",3,1,65,21.6666666666666,0.482051282051282,57,2,6,0,59,0,59,0,0,NA,NA
"p_y3FfCgmMaToNN6da6ogg/EuoPSxKx7rz5lMBDh9CQ_Q","human","Medium",4,0,286,71.5,0.442307692307692,184,102,0,0,0,0,0,0,0,5,94
"P19qP9U5Pdd46GfZBliQLQ/8INCPXbenntioLAp-N_5jQ","human","Small",2,0,62,31,0.435483870967741,62,0,0,0,0,0,0,0,0,NA,NA
"PBewqAmdjaBSOe-6bQLALg/bZFUcRcZcH8VytnE0gopHw","human-bot","Small",3,1,222,74,0.645645645645645,220,2,0,0,8,0,0,0,8,NA,NA
"pCg9dxcSVoAxYtmF0R56Fg/n1v_igAgTfk7CP0QPNr47A","human","Medium",5,0,31,6.2,0.567741935483871,28,3,0,0,0,0,0,0,0,NA,NA
"pDznmccVVZslZAFX5Ym9tg/ErpiGQ6eLenplfEQTat6ww","human-bot","Large",18,1,2154,119.666666666666,0.799855565872279,644,1491,19,0,45,0,45,0,0,7,642
"pfBzj7U4v83CkaNy8MI6bA/Vnv8OyiKM_LDXLtqVHbuhQ","human","Medium",4,0,123,30.75,0.229674796747967,123,0,0,0,0,0,0,0,0,NA,NA
"Pi2d5Zdp2NTevl-Yx1kPhg/Nw-hyeMmhaPQMoiDvelejw","human","Small",2,0,215,107.5,0.416279069767441,151,49,15,0,0,0,0,0,0,0,89
"pJY7RmO-5oUNNXdzyT3H8g/SrXjBaiO4lCwiB-3Lx8-Jg","human-bot","Small",2,1,51,25.5,0.147058823529411,32,17,2,0,10,0,10,0,0,1,24
"pL90yYJJkdLud-MpV68kYg/mqGwOTSJPXE0pmCvQgTyqQ","human-bot","Medium",4,1,375,93.75,0.537999999999999,295,73,7,0,162,0,162,0,0,5,86
"pN-yKV9zLKawiIkGVuBc7A/OdvjrFQOFJxxMsDKsnHCKA","human","Small",2,0,112,56,0.473214285714285,112,0,0,0,0,0,0,0,0,NA,NA
"Pq41CdlgHZhGTl61sYd4Dw/sxb3LWBcDw3Q59wqUs93wA","human-bot","Small",2,1,12,6,0.416666666666666,10,2,0,0,5,4,1,0,0,163,12
"pSEjWkAL9xy8WUmVHEtdOA/Vn1iiavAqm0rljqqdGBmPg","human","Small",2,0,116,58,0.448275862068965,116,0,0,0,0,0,0,0,0,NA,NA
"pw_C-sMArCHGvvPWK_GDOQ/A4TDZUHroRAE0bTmGZESkQ","human","Large",7,0,108,15.4285714285714,0.312169312169312,108,0,0,0,0,0,0,0,0,NA,NA
"Pw2eUL9QHqTzw4jLnTO-pQ/Ap6i3CI_i2Zvr6dgNFi0LA","human","Small",2,0,141,70.5,0.485815602836879,141,0,0,0,0,0,0,0,0,NA,NA
"PWktOdCWNXXUO5xh29twIg/-RS4PkkkRPxs1qj5Ky0b4A","human","Small",2,0,36,18,0.305555555555555,36,0,0,0,0,0,0,0,0,NA,NA
"pxIFRbeuXsUzHtQB3vDwVA/JlkO4fgLE3bD5QjXcU-0CQ","human-bot","Small",3,1,913,304.333333333333,0.549835706462212,130,507,271,5,53,0,53,0,0,50,108
"PXS9PN_bZPBW4BFWkHI0nQ/9e_B7nTSXLmMCj-3B21MIA","human","Large",12,0,611,50.9166666666666,0.509683578832515,400,145,66,0,0,0,0,0,0,NA,NA
"q3H6vPxZXkTQhq9HJIjxkg/LBuWX75BYbBGCI5S3dXsBA","human","Small",2,0,87,43.5,0.281609195402298,84,2,1,0,0,0,0,0,0,3,9
"Q658evmRIuaDEnUGlBqzYw/m-hxXTPKmxu3fh32f-RHtg","human-bot","Small",2,2,256,128,0.42578125,230,5,21,0,118,0,118,0,0,0,7
"Q9lZ3YadQhYfVelZJWocdQ/zYgLcm4KDb1CN_ENFdpG9A","human-bot","Small",2,1,223,111.5,0.491031390134529,187,31,5,0,11,0,11,0,0,1,42
"QduaLp9Jw7MWWE9V6duWzw/oSzVF5MN20OfIQrp79--Jg","human","Small",3,0,155,51.6666666666666,0.408602150537634,135,11,9,0,0,0,0,0,0,61,11
"QhTTT1qb1gabQJtZ3c_z0Q/qH3BRogzqxyCZ4RfZDbuHA","human-bot","Large",17,1,2798,164.588235294117,0.489467266534919,474,1218,1106,0,456,0,456,0,0,9,245
"qlr9vl4vSuihZ0yL4bcqpA/VQVouu054bdDU-YY2s_Agg","human","Medium",4,0,104,26,0.240384615384615,66,5,33,0,0,0,0,0,0,NA,NA
"Qv-cOAVZ-ZF4y1tyHSXqaA/nVsxBXY2RUuv2AQuNTPg0w","human-bot","Medium",5,1,236,47.2,0.57457627118644,46,97,93,0,80,0,80,0,0,NA,NA
"qxoUVhp1ngGpm7I6YixkWQ/ABayIekJTYMB3kgD48wKSQ","human","Small",2,0,60,30,0.383333333333333,58,2,0,0,0,0,0,0,0,NA,NA
"qz2vTWZ9Q34B9Fhqx_a0vQ/IRlbVn-odGXeNwdWuyZfaQ","human-bot","Small",2,1,248,124,0.362903225806451,235,8,5,0,14,0,14,0,0,NA,NA
"QZCQjWdavGwuOTHAHJKmyg/boMSa1_4a_Bnu_-lptaxnQ","human","Large",9,0,148,16.4444444444444,0.318318318318318,19,129,0,0,0,0,0,0,0,7,20
"QZCQjWdavGwuOTHAHJKmyg/ztNtvwU0qEZi644d1DzUww","human","Small",2,0,68,34,0.147058823529411,38,25,5,0,0,0,0,0,0,NA,NA
"QzkKMPNdpWqQ5ZzQeR7mgg/_J2c2T-sGfRNjJ_jQkYQdw","human","Medium",6,0,259,43.1666666666666,0.498712998712998,47,212,0,0,0,0,0,0,0,157,13
"R_3cDQQHi-Bi_xFT7FLg3Q/U6sN_47MfVoYtEFtAFaPAg","human","Small",3,0,67,22.3333333333333,0.388059701492537,66,0,1,0,0,0,0,0,0,NA,NA
"r_bHECrrXLXheLGfzapBTw/35wiWmirtWCV36OW5phrMQ","human-bot","Large",19,1,142,7.47368421052631,0.498146775389177,119,7,16,0,1,1,0,0,0,NA,NA
"r_bHECrrXLXheLGfzapBTw/fHTSjJZf-0w7biQaFfwKNw","human","Medium",5,0,32,6.4,0.425,27,4,1,0,0,0,0,0,0,NA,NA
"r_bHECrrXLXheLGfzapBTw/hk7JtI4UqopCxTa54MXeMQ","human-bot","Large",12,1,139,11.5833333333333,0.600119904076738,130,8,1,0,3,2,1,0,0,NA,NA
"r_bHECrrXLXheLGfzapBTw/hyimbEBIkPlFBsi0HMEvBg","human","Large",7,0,642,91.7142857142857,0.718736092567868,485,123,34,0,0,0,0,0,0,3,132
"r_bHECrrXLXheLGfzapBTw/n-2oRExs_XkJal9Kcfbs6A","human","Medium",6,0,32,5.33333333333333,0.541666666666666,20,12,0,0,0,0,0,0,0,5,10
"r_bHECrrXLXheLGfzapBTw/P-hlCIg_6buyWCagQ485bA","human-bot","Medium",5,1,31,6.2,0.348387096774193,28,1,2,0,2,2,0,0,0,NA,NA
"r3_8oQwrUkcwwnPpwfSRhg/JBiSba-O-M9bxq7juqXnLg","human","Small",2,0,81,40.5,0.129629629629629,58,21,2,0,0,0,0,0,0,17,10
"r4mPoqfdW8mQsh7RchM31A/giEOYej0FVJSYldbIPrkjQ","human","Medium",5,0,150,30,0.234666666666666,87,12,51,0,0,0,0,0,0,NA,NA
"R5wHiVQWP1NAJ-uzVw2h8A/CYva8rY_Yiq7onrFHRNIcw","human","Small",3,0,292,97.3333333333333,0.591324200913242,176,112,4,0,0,0,0,0,0,56,124
"r8jM86JdncjikqcLIxT1KA/TGfEcj7moj5Jzf7lp6EpcQ","human","Small",2,0,36,18,0.0555555555555555,24,7,5,0,0,0,0,0,0,NA,NA
"RAtEUtifcd1nLjGg-UKXBg/Sk3uzPW33N-7C0H9hEC6aQ","human","Small",3,0,70,23.3333333333333,0.142857142857142,70,0,0,0,0,0,0,0,0,NA,NA
"rc247LkRox4gnpYXtsWWAw/F9P6HvEohwpzI1m4qEuCZw","human","Medium",5,0,71,14.2,0.523943661971831,28,26,17,0,0,0,0,0,0,13,6
"RCJ9J6AvDHd2fMEvN5600g/m8ZcKr7BQXeP-qcpSJ8-hw","human","Medium",5,0,99,19.8,0.343434343434343,73,26,0,0,0,0,0,0,0,1,6
"rdwm3wdaTgELoQ963SW94Q/pjvBMdUkcU9lssVNDFQw0A","human","Small",3,0,40,13.3333333333333,0.233333333333333,40,0,0,0,0,0,0,0,0,NA,NA
"ReeJIVTm1BiV_SO5tNDVFA/0DyNJHtC341DeboKhr6ZAw","human-bot","Large",10,1,693,69.3,0.578210678210678,97,559,37,0,1000,997,3,0,0,91,130
"ReeJIVTm1BiV_SO5tNDVFA/cSaNWDk0RrYX6hcg-eoBoQ","human-bot","Medium",6,1,278,46.3333333333333,0.394484412470024,59,197,22,0,15,0,15,0,0,NA,NA
"ReeJIVTm1BiV_SO5tNDVFA/ZfIj2C4Weg8to684MM7PGA","human-bot","Large",15,2,2211,147.4,0.544067541082466,214,1312,685,0,50,0,47,3,0,9,6
"RfEoGeOZ-A3jImBczvGF8w/zSdlpyGLbr2Ffm6EWLyMEw","human-bot","Medium",6,1,418,69.6666666666666,0.482456140350877,251,119,26,22,65,0,65,0,0,15,218
"rG4woWflhjIUSjwYGkGK9A/_KrDiClcQtASerpwO9FZ0w","human","Medium",5,0,71,14.2,0.507042253521126,33,31,7,0,0,0,0,0,0,NA,NA
"rG4woWflhjIUSjwYGkGK9A/e6mQShuexW3E6FZe9Z_fcg","human","Medium",5,0,51,10.2,0.596078431372548,22,28,1,0,0,0,0,0,0,7,13
"RIunisWarq_CPBS22lDmmA/ASjIXhUF7N3D75F_YdVDmQ","human-bot","Small",2,1,136,68,0.485294117647058,117,11,0,8,56,0,56,0,0,78,10
"Rke1Gt_9156WeVkxOtxY7w/_IrR4cm_ebWkp4B7AubX0A","human","Medium",5,0,166,33.2,0.739759036144578,166,0,0,0,0,0,0,0,0,NA,NA
"ROiTAU7SJQNy_sCpyINDkw/keGqZ-sD0NbGVH8_FxsZlg","human-bot","Medium",4,1,207,51.75,0.554347826086956,103,82,22,0,27,0,27,0,0,31,29
"ROWwIEddQryJzc7vl7nTWQ/_GEQzVeMWyYnaL12CEJ2-g","human","Large",10,0,186,18.6,0.553763440860215,149,36,1,0,0,0,0,0,0,64,17
"RP3OST-rPRYQzhREiJ0xVw/5pyE81vwSXAC2xjYADEJEA","human-bot","Medium",6,1,224,37.3333333333333,0.636904761904761,164,27,33,0,20,20,0,0,0,NA,NA
"RP3OST-rPRYQzhREiJ0xVw/Es0aKaLlGfElpHwkbMOTzg","human-bot","Medium",6,1,102,17,0.532679738562091,90,6,6,0,20,20,0,0,0,NA,NA
"rtEiFsRjOx4tC09nBt8kpw/KfIA3kdqOvgjFAy06gJ0NA","human","Small",2,0,22,11,0.409090909090909,18,4,0,0,0,0,0,0,0,NA,NA
"s0G9iy88ibataWiFM81Q5g/rKEOzpk0iPm1i385LEWyBQ","human","Medium",4,0,47,11.75,0.27127659574468,47,0,0,0,0,0,0,0,0,NA,NA
"S8Mlts6voOAuRvrLEzUUwQ/6lwvrEheHXLoLzw2ohH5FA","human","Small",2,0,26,13,0.384615384615384,26,0,0,0,0,0,0,0,0,NA,NA
"SbbQOcrgxxTNGQGqfVdvsA/PcEtkvi9GHSTvrCYvFT4Bg","human","Small",2,0,95,47.5,0.163157894736842,61,2,32,0,0,0,0,0,0,34,6
"sdJYSIlyI8h0ITiqLCLVvw/m4OHr6Thm04-BYsBZmXGkQ","human-bot","Large",7,1,590,84.2857142857142,0.511864406779661,240,82,268,0,14,0,14,0,0,7,7
"sEigOCbhK2omjAs4hTKuaA/lu4hSAGADO8qQ9HKnYYpfw","human-bot","Large",11,1,201,18.2727272727272,0.516508367254635,61,134,6,0,11,0,11,0,0,41,65
"sEigOCbhK2omjAs4hTKuaA/pJ4p2w4qYk2I-WVZXcPF5A","human","Large",8,0,126,15.75,0.567460317460317,64,29,33,0,0,0,0,0,0,6,10
"sF2N2CqfSnyR7P85PFHrpg/5k0ovI-ebRCzSdg903S3ow","human-bot","Large",23,1,116,5.04347826086956,0.255622188905547,45,70,1,0,9,5,4,0,0,0,28
"sGXreEKSw_qr0UG18PdRAQ/kDpOGXJhrziSMq_yZLoWxw","human","Small",3,0,812,270.666666666666,0.394088669950738,795,0,0,17,0,0,0,0,0,NA,NA
"sIvk6F9eBmLNavTjMZaWjg/6woZF5diTdOkj6aB0wYSEg","human","Medium",5,0,40,8,0.63,37,0,3,0,0,0,0,0,0,NA,NA
"SIyIP9Ggxkhnt_bOiXYQyQ/ATfqPyoIENBt1d7tCX6cQA","human","Medium",4,0,136,34,0.452205882352941,13,123,0,0,0,0,0,0,0,13,58
"Sk9myE3w2SH19ILOqaekhQ/5d85ZjqvDAwjdp5l6d2-_w","human","Small",3,0,448,149.333333333333,0.532738095238095,322,109,17,0,0,0,0,0,0,28,86
"smyIOXPyL6EMQ_JqjxhWxQ/-tWN5zZkldtGUM_vrC_NYQ","human","Small",2,0,25,12.5,0.14,25,0,0,0,0,0,0,0,0,NA,NA
"sOlXFZQXH7-_cjI8rnR6ww/CrbmAdmIs6Zqf4Ff7ul1_Q","human","Large",13,0,662,50.9230769230769,0.597490123169881,278,298,86,0,0,0,0,0,0,25,51
"spL8LX3lBfeOPK4bBuqFSA/bkk-seJ9inTX7FeK-3cKzw","human","Medium",6,0,322,53.6666666666666,0.493788819875776,169,63,83,7,0,0,0,0,0,NA,NA
"spL8LX3lBfeOPK4bBuqFSA/il2lLtEmRH01nnDAVyGoqg","human-bot","Medium",5,1,758,151.6,0.51820580474934,391,216,146,5,243,0,243,0,0,13,34
"spL8LX3lBfeOPK4bBuqFSA/spL8LX3lBfeOPK4bBuqFSA","human-bot","Large",11,1,1935,175.90909090909,0.611040638947615,397,1410,128,0,326,0,326,0,0,30,1019
"SPlwRcwL2XfzJsj1z11bMg/8TWU4Jy7qJhjI-PPUtKkRQ","human","Small",2,0,98,49,0.489795918367346,96,2,0,0,0,0,0,0,0,NA,NA
"SPlwRcwL2XfzJsj1z11bMg/9IE589m_2rC1N0IS4G85lA","human-bot","Medium",5,1,397,79.4,0.574307304785894,240,145,0,12,13,0,13,0,0,9,5
"SPlwRcwL2XfzJsj1z11bMg/elGxZt_iNd_sKQGiTtL2cQ","human-bot","Small",2,1,159,79.5,0.20440251572327,116,43,0,0,63,0,63,0,0,4,31
"SPlwRcwL2XfzJsj1z11bMg/rTvG3Q9DnjxOGD1aRHjkSw","human-bot","Medium",6,1,400,66.6666666666666,0.619166666666666,270,125,0,5,29,0,29,0,0,10,90
"sq4hB0bA5jL3X3tvK_-stg/5YplqVgfP__pUXTJ9SMoQA","human-bot","Medium",4,2,484,121,0.626033057851239,304,180,0,0,298,0,298,0,0,12,92
"sq4hB0bA5jL3X3tvK_-stg/G5WoDm7Rms4zNbJ3nc6hZA","human-bot","Large",27,2,2282,84.5185185185185,0.815301717142207,933,1275,74,0,475,0,457,0,18,2,603
"SSx_z68KEH-OtvG9dKWXdA/EyyZHyUzvZ_qNg0ZakuEzQ","human-bot","Small",2,1,51,25.5,0.46078431372549,47,4,0,0,16,0,16,0,0,0,32
"SukgCvzR87EKBoU5Y-18xQ/pGh1AgUoqw0vh4cdcRBomA","human-bot","Medium",5,1,789,157.8,0.734600760456273,547,232,5,5,30,0,30,0,0,1,99
"sWYGClymgLhIeWiJIuQc8g/hx0XvSczqVw1Gof9OfQLwQ","human","Large",8,0,65,8.125,0.732692307692307,65,0,0,0,0,0,0,0,0,NA,NA
"sY2PAfOkpMYA1r8y7Ba-pQ/LJXxPyblCK3mvgRdiIac2A","human","Small",3,0,54,18,0.518518518518518,54,0,0,0,0,0,0,0,0,NA,NA
"t3BGq4ezyjoWWYd8OPucHw/Oj2Xc5G5yAS1mSYg2u0h_w","human","Medium",4,0,137,34.25,0.47992700729927,116,21,0,0,0,0,0,0,0,4,18
"t9G9CZ6ZZN3RCh8Gw2LUQA/t9G9CZ6ZZN3RCh8Gw2LUQA","human-bot","Large",7,1,597,85.2857142857142,0.49868389566882,90,299,208,0,11,0,11,0,0,57,109
"tai2pbGeH48AsUT_ReocGw/0PFdre2srpJwbUvPhp9A3Q","human","Large",7,0,129,18.4285714285714,0.434108527131782,129,0,0,0,0,0,0,0,0,NA,NA
"TAUmLDnCsB_5f_6O51mhuQ/R1K9KASmvb8Inhszb5O6Cw","human","Small",2,0,122,61,0.155737704918032,68,43,11,0,0,0,0,0,0,NA,NA
"tAVanqc-A5zcoStGhqyJOg/_0UalxaL-gT6va34zbihIg","human","Small",3,0,51,17,0.274509803921568,51,0,0,0,0,0,0,0,0,NA,NA
"taYmhA4Y8TfncSP5HXQWxw/-tWN5zZkldtGUM_vrC_NYQ","human","Small",3,0,72,24,0.444444444444444,71,0,1,0,0,0,0,0,0,NA,NA
"TcHjRpnzF2qIwAEHHGAFAA/siHdJSIMcipwQwok068VBg","human","Large",68,0,155,2.27941176470588,0.345445920303605,155,0,0,0,0,0,0,0,0,NA,NA
"TcP5SeibeA2kHO-eCjEb_A/q0yQ84moEQteXOEmXByS6Q","human","Medium",4,0,73,18.25,0.70890410958904,73,0,0,0,0,0,0,0,0,NA,NA
"Tcy1P1nIBwNDdGoP4w1tTA/Q_C1L0CMujcnj8xu2n5CKQ","human-bot","Small",3,1,611,203.666666666666,0.282596835788325,456,152,3,0,32,0,32,0,0,1,362
"TEk1II0sHNO0wzc8Bmr2Qw/_3hki-UqTnlRP05wsmbGKg","human","Small",2,0,502,251,0.247011952191235,502,0,0,0,0,0,0,0,0,NA,NA
"tFbs-GWqw3og9b_1JLhLMA/_wwpHIbu7A9yiRYsr0nTfw","human-bot","Large",18,1,472,26.2222222222222,0.517655367231638,230,212,30,0,685,298,340,47,0,34,353
"tGkuygBTr65h9qtxGvS1Ww/ko8AQy0x9ICRA6YD2jMJ-g","human-bot","Large",8,1,255,31.875,0.43578431372549,246,9,0,0,16,0,16,0,0,34,9
"tmrgJ4vwH7jFwPVBXufbVQ/N0OvFnxTNh15VAVWH6rCsg","human-bot","Small",3,1,431,143.666666666666,0.205723124516628,146,239,46,0,123,0,123,0,0,97,64
"tNoTrAsC-bnIHSOewpbnkg/_DX9xw1fxp0mmIOoIselPg","human","Large",29,0,2655,91.551724137931,0.667316059484382,890,1594,171,0,0,0,0,0,0,70,856
"TrPgCErGRS4mKbM3PgQ9FQ/rRlDqf1tPX7h5q9BpbDT5w","human-bot","Small",3,1,162,54,0.502057613168724,126,21,15,0,39,0,39,0,0,0,89
"tu_WBtEY0PYgZuMUGf8EzA/iB4t-uJh_KJLcIBnYC936Q","human-bot","Large",8,1,223,27.875,0.240470852017937,0,89,134,0,4849,4849,0,0,0,NA,NA
"tu_WBtEY0PYgZuMUGf8EzA/u-MOye_FFfDeeJ3ZAIF2GQ","human-bot","Large",7,1,507,72.4285714285714,0.446322907861369,0,425,82,0,96,96,0,0,0,NA,NA
"tu_WBtEY0PYgZuMUGf8EzA/WqtsRf2zMxGQQZURVdVAmA","human-bot","Medium",5,1,243,48.6,0.296296296296296,0,208,35,0,101,101,0,0,0,NA,NA
"TYVqrqXbI7UztqQnQCEwaA/9L_jVczYjemKIrF9QZ5IMw","human","Small",2,0,26,13,0.307692307692307,26,0,0,0,0,0,0,0,0,NA,NA
"tzOdbObpFg-vSbow3RBUBg/siHdJSIMcipwQwok068VBg","human","Large",115,0,286,2.48695652173913,0.322043174217087,286,0,0,0,0,0,0,0,0,NA,NA
"U-R6FftZNnPX3Z03V-WQVw/bADiGRX3237Bii0MSDjihQ","human","Small",2,0,35,17.5,0.242857142857142,35,0,0,0,0,0,0,0,0,NA,NA
"U2kZmZmAGIPQEaAHvJfFzA/na9fZvZS9wvugyG7e3FXOg","human","Medium",5,0,136,27.2,0.635294117647058,95,41,0,0,0,0,0,0,0,0,54
"u4SR_sCIMwioNAavTs38Bg/JzvuaPemjHA-5NFCijm5iA","human","Small",3,0,57,19,0.584795321637426,57,0,0,0,0,0,0,0,0,NA,NA
"uGyfkls8Mz9OEgduSddfwQ/JQXMWPJaVE6E6VJq67i3Iw","human","Small",2,0,38,19,0.31578947368421,38,0,0,0,0,0,0,0,0,NA,NA
"UiYlmQoksvMhKeGhPBET8A/T6RMbaU70JtEvCRe0m5eiA","human","Large",9,0,201,22.3333333333333,0.278606965174129,58,140,3,0,0,0,0,0,0,NA,NA
"uknjpJjb2SWag0YfyvexyQ/95rSmj6Duasp2VVTrCocYA","human","Small",2,0,105,52.5,0.271428571428571,78,16,11,0,0,0,0,0,0,161,14
"uKwwTySphk9G-Gy-vAgg8Q/rPa0Q8VuZ-Db2GMj6HURIQ","human-bot","Large",10,1,492,49.2,0.659756097560975,234,158,100,0,14,0,14,0,0,3,90
"uLHPO58cQefwrJUbyhYOKQ/7YWOP8uDEeKDHQMWKqOoYA","human","Large",48,0,5748,119.75,0.782040129900255,1715,3891,142,0,0,0,0,0,0,0,1200
"uLvKXX_6CJ4zG3V_9-fGRw/0phqyMtr1ViSCZwf_Wsfbw","human-bot","Medium",6,1,293,48.8333333333333,0.319112627986348,101,185,7,0,12,0,12,0,0,NA,NA
"uLvKXX_6CJ4zG3V_9-fGRw/YGzgdzxRGvwVZcszx5HyCA","human-bot","Small",3,1,193,64.3333333333333,0.542314335060448,70,101,22,0,40,0,40,0,0,9,71
"um7LzBfZe08Dybkt91DmAw/Lup5q7PZREAPumATOTSu2w","human-bot","Small",2,1,204,102,0.181372549019607,139,0,65,0,12,0,12,0,0,29,12
"Upov08inUC57GbhLN2t8EA/wTITGGGTGw7jeQpLNGEPNw","human","Large",13,0,218,16.7692307692307,0.681721947776993,217,1,0,0,0,0,0,0,0,NA,NA
"Upov08inUC57GbhLN2t8EA/X-M1f8HEWNb_B4ip_Oj8aw","human","Large",7,0,303,43.2857142857142,0.578972182932579,302,1,0,0,0,0,0,0,0,NA,NA
"upXmEg8zrFjLrI3cnC2AUA/QPpexvYaTKHjS3IADB6fwA","human-bot","Small",3,1,54,18,0.592592592592592,54,0,0,0,16,0,16,0,0,NA,NA
"uRRk49zuEXdW4_9yY1dJYQ/nCBlsYUCZYe6TPM_Fxd5aw","human","Large",22,0,2197,99.8636363636363,0.733334712624653,715,1438,39,5,0,0,0,0,0,11,744
"UWJyf6rhuHr1t6VqewJSJw/7giqhSdPDPuL93qp1wkVbg","human-bot","Large",10,1,332,33.2,0.621686746987951,123,93,116,0,12,0,12,0,0,109,13
"UXnxmXZIYBAwqYdhbCQ3ow/bPcx_uHbeyFD1jtLb4NhQA","human-bot","Medium",5,1,35,7,0.457142857142857,33,2,0,0,17,12,5,0,0,NA,NA
"uYFCf-cYZN1KlzzT_fewHw/C7bplGG3uRAgUFOIx9H8Tg","human","Large",8,0,613,76.625,0.402324632952691,376,184,53,0,0,0,0,0,0,NA,NA
"uYFCf-cYZN1KlzzT_fewHw/Y7vtkVi2mXGY5XY8izVRAQ","human-bot","Large",7,1,112,16,0.635204081632653,109,3,0,0,15,0,15,0,0,NA,NA
"V1ClnCxzEayW6vxwu5Kdwg/-fQDEm8aZ0P-usZ1mjoWhA","human","Medium",6,0,183,30.5,0.622040072859744,183,0,0,0,0,0,0,0,0,2,59
"V58hL76xAvyUnitZGjXsZg/beTfOCLbtX7EJ6pz7qhbCA","human-bot","Large",8,1,277,34.625,0.622292418772563,196,71,10,0,26,0,26,0,0,20,34
"V58hL76xAvyUnitZGjXsZg/CnMANWJYuper3o2pVxj5Ew","human-bot","Large",7,1,332,47.4285714285714,0.512048192771084,213,91,28,0,24,0,24,0,0,20,26
"V58hL76xAvyUnitZGjXsZg/f_fYi3NTDNiT9Ln1go_XCQ","human","Large",7,0,193,27.5714285714285,0.583271650629163,137,48,2,6,0,0,0,0,0,39,16
"v5PGCtUnOV-prbrbzXGNPA/WvsVdePtbZE9ZgpZ_80moQ","human-bot","Medium",5,1,335,67,0.273432835820895,177,158,0,0,104,0,104,0,0,4,216
"v6qI7E9vYBfwISf3HgUhNA/mjr-Xibbk-edT_NW8Taiug","human","Large",11,0,915,83.1818181818181,0.594336810730253,597,285,2,31,0,0,0,0,0,19,44
"v97rmOrCmSiBXGMOYmHzNw/nXLq_jJeUPrdnSRMvK6aHw","human-bot","Medium",4,1,48,12,0.208333333333333,21,21,6,0,24,0,24,0,0,NA,NA
"VB7-UYcIeXSrqd_vn-XHHw/Hc3P61-rqlAi3CKs9VyS-w","human","Small",2,0,38,19,0.184210526315789,16,22,0,0,0,0,0,0,0,0,10
"vcZNKZQO7ROl9hmHInBhxg/J23SfU_92OmbdWb7hRno7g","human-bot","Medium",5,1,330,66,0.607272727272727,306,22,2,0,17,0,17,0,0,45,10
"vD0uV5LW1Km9JHSUpFan4A/lqTVYk6osFv-Vj-a_XSYgw","human-bot","Medium",6,1,157,26.1666666666666,0.63588110403397,44,93,20,0,10,0,10,0,0,0,68
"vD1mLoQ_CzlsnXcM1E_WOA/XM83BYKoM4QtXWStPYssrw","human-bot","Small",2,1,106,53,0.433962264150943,99,7,0,0,18,0,18,0,0,NA,NA
"vD1mLoQ_CzlsnXcM1E_WOA/Yk03OqUO6JLk05uYj9RK6Q","human-bot","Small",2,1,50,25,0.44,48,2,0,0,10,0,10,0,0,NA,NA
"VemkfETAeqVyhw0s77AlUw/ERsm7IP5zmTUg2sWF5b-cQ","human-bot","Large",14,1,1878,134.142857142857,0.753461128860489,1409,465,4,0,597,0,597,0,0,4,186
"VGYUfaNcvjujHdwS_xv9xA/dts2QrkRvgHdrxZCJYXG6w","human-bot","Small",2,1,90,45,0.244444444444444,36,32,22,0,12,0,12,0,0,1,9
"vihAQ-l2aJ5v4UYrXYRGiw/DEmu3nlEY-yVVBpaZ4dG_Q","human","Large",7,0,91,13,0.536891679748822,62,28,1,0,0,0,0,0,0,0,12
"VjnX-IGsAsRz8EJKMp6LLA/HQ9CHS_vbj1CSd6OM0aCoA","human-bot","Large",12,1,3609,300.75,0.703772974969982,2964,559,76,10,34,0,24,0,10,30,518
"VjnX-IGsAsRz8EJKMp6LLA/qZSqyEmsJJ_Rr7f9toRbwQ","human-bot","Medium",6,1,559,93.1666666666666,0.710494931425164,534,17,2,6,46,0,46,0,0,36,40
"vjYCi8YxMpUj_LaqRdiCXw/wPCNTC9mtdWb8MKJVr439g","human","Large",28,0,10705,382.321428571428,0.743961433242143,4230,2337,3997,141,0,0,0,0,0,4,21
"vlLrA8LGOcUxkQuGbs4TqA/LbQfqlh-Ihko3_Yii02dhQ","human","Medium",5,0,657,131.4,0.264231354642313,483,134,40,0,0,0,0,0,0,3,74
"vpAJthlySeoTSTCzS0iH9w/co9Uzr_rNRVxqxS0x1UpqA","human-bot","Medium",4,1,143,35.75,0.456293706293706,119,10,14,0,95,94,1,0,0,NA,NA
"vpAJthlySeoTSTCzS0iH9w/sqp31EVhmtR11ObVHrR64w","human-bot","Small",3,1,26,8.66666666666666,0.307692307692307,19,2,5,0,4,4,0,0,0,NA,NA
"vpAJthlySeoTSTCzS0iH9w/WC1ULBuXAws4mFhHGkKRrg","human-bot","Small",3,1,303,101,0.521452145214521,100,11,192,0,23,23,0,0,0,NA,NA
"vPBj0f5SKzg2w5tsEedbEg/XvGmFQm0lZLsha_oslkwqw","human-bot","Medium",5,1,244,48.8,0.424590163934426,40,45,159,0,88,0,88,0,0,149,27
"vPPJXk7AxaaZyPsmA3MniQ/1MKFInSTUx0FdxQKHtA5ZA","human-bot","Medium",4,1,158,39.5,0.490506329113924,138,8,0,12,78,0,78,0,0,0,22
"vPPJXk7AxaaZyPsmA3MniQ/euqt0qlPNtbUnKy41316mA","human-bot","Medium",4,2,297,74.25,0.521043771043771,275,5,0,17,177,0,167,0,10,0,20
"vPPJXk7AxaaZyPsmA3MniQ/V2np6VD0D86cCKKqiyiqBQ","human-bot","Medium",5,1,460,92,0.669565217391304,418,37,0,5,6,0,0,0,6,0,54
"vPPJXk7AxaaZyPsmA3MniQ/Z_HEmg-TvyxkKJnfMFEBZA","human","Medium",4,0,56,14,0.5,51,0,0,5,0,0,0,0,0,NA,NA
"vPPJXk7AxaaZyPsmA3MniQ/zleV_m6jaHAymnVsiTMoyw","human-bot","Small",2,1,156,78,0.294871794871794,156,0,0,0,113,0,113,0,0,0,8
"VR29dk897KtTuTy8-6tTEA/YaojuHA7TaUsER16xH6XOA","human","Small",2,0,106,53,0.490566037735849,103,3,0,0,0,0,0,0,0,0,42
"VrAilLEyu8jte7gC_scYoQ/JGviF30wBL8noDHZgizPMQ","human","Medium",5,0,406,81.2,0.307389162561576,402,4,0,0,0,0,0,0,0,NA,NA
"VwIKwrEh6EC2Plx7wEWUqA/34LXbF7r3lo29QFAHpAw_g","human-bot","Large",13,1,162,12.4615384615384,0.547008547008547,76,84,2,0,65,0,65,0,0,NA,NA
"vxcsg_XiPYMkF6HKKQIKKw/7U3Ty3NHEoOU-Yn2Txty6w","human","Small",2,0,20,10,0.2,20,0,0,0,0,0,0,0,0,NA,NA
"W2_tmyhwh3fDPHUI_1_e-Q/0qV9wdiD_SH7mVFpnfccxw","human","Medium",6,0,56,9.33333333333333,0.220238095238095,55,1,0,0,0,0,0,0,0,NA,NA
"W4pnBDhjfbFJasG_Wb6IUQ/eHBiHXyzCxrBPoJPQGa2kg","human","Medium",6,0,49,8.16666666666666,0.547619047619047,45,4,0,0,0,0,0,0,0,NA,NA
"w87Juxl1pog8gs0RjNk-YQ/47It4X8a-ajzwKlvuJsloA","human","Small",2,0,94,47,0.468085106382978,84,10,0,0,0,0,0,0,0,0,8
"WglrY9_epSzis_kVN3r8xg/V_qF_MegH45nMfTSaAEXNQ","human-bot","Large",7,1,432,61.7142857142857,0.423280423280423,61,339,32,0,79,0,79,0,0,28,49
"wgUYb2g0ePDgGxuwwwLalg/CKdco4XXr7w2-x3LaXtQUw","human","Medium",5,0,71,14.2,0.552112676056338,61,10,0,0,0,0,0,0,0,8,17
"WhgMY7iG7fy6zuGpEXC8oQ/GyQbz0zI2jn1mrD-bZLBcA","human","Large",7,0,574,82,0.400199104031856,72,152,350,0,0,0,0,0,0,NA,NA
"WhgMY7iG7fy6zuGpEXC8oQ/oYzx07TXb12aGfAz6hP-8A","human-bot","Small",3,1,124,41.3333333333333,0.46774193548387,72,42,10,0,15,0,15,0,0,19,13
"WJJUZF4Gae2fs7cc-MEsRA/1GtFEw4zRhvC7dZmNGApUA","human-bot","Medium",6,1,1146,191,0.483129726585224,938,87,94,27,12,0,12,0,0,11,261
"WJJUZF4Gae2fs7cc-MEsRA/Ap_VRTyTv49OCDvkORjKrg","human-bot","Medium",6,1,1240,206.666666666666,0.557258064516129,988,50,157,45,18,0,18,0,0,7,503
"wjoRrm_X_FiZ0wT6Yzp7cg/o3R79OVGALRbFj2Aqahz0g","human","Small",2,0,24,12,0.125,24,0,0,0,0,0,0,0,0,NA,NA
"WLaEz_1Nf-YWzHZa8bBgAA/pLoAhZ1cbPT38VYoSdXGmg","human","Small",3,0,3040,1013.33333333333,0.292105263157894,434,2606,0,0,0,0,0,0,0,3,365
"WMMEJn_D7axJ01w5Xw-8Dw/_Nihlptc3MQzfb0BwJR4hw","human-bot","Large",10,1,108,10.8,0.422222222222222,56,47,5,0,25,6,19,0,0,62,33
"WMMEJn_D7axJ01w5Xw-8Dw/-N1ej6eMv5iPgu1Tkoxc2A","human-bot","Large",12,1,181,15.0833333333333,0.55939226519337,70,52,59,0,117,14,103,0,0,NA,NA
"WMMEJn_D7axJ01w5Xw-8Dw/7F60C3mR08-_sYUM_MNHtA","human-bot","Large",7,1,38,5.42857142857142,0.300751879699248,31,6,1,0,11,6,5,0,0,NA,NA
"WMMEJn_D7axJ01w5Xw-8Dw/KC_7UlEgm8mLm9wwk7LDCg","human-bot","Large",8,1,105,13.125,0.594047619047619,37,50,18,0,36,6,30,0,0,47,41
"WMMEJn_D7axJ01w5Xw-8Dw/O8KdDIC1elOLPB08sR2lNw","human-bot","Large",7,1,53,7.57142857142857,0.463611859838274,23,22,8,0,8,2,6,0,0,NA,NA
"Wnm0-8FGezdR3V0XA1l8OQ/xoxVnZVtTKIPQ17XSm5x5g","human","Small",2,0,51,25.5,0.166666666666666,51,0,0,0,0,0,0,0,0,NA,NA
"wZomVVWBfuxk9Q0JPmcxlg/r_ZBq4_RkdsqBN6mcK9OfA","human-bot","Medium",5,1,328,65.6,0.415853658536585,120,199,9,0,10,0,10,0,0,5,79
"X-ueXyW9SABl-O0QT-f9PA/1T47iA8J3RsoOEZz5AgArw","human","Small",2,0,26,13,0.115384615384615,25,1,0,0,0,0,0,0,0,NA,NA
"X1pcjhqqelcsRxAhcbNu-w/HJ1fkoQOuwxXJ25L7FGEcw","human-bot","Medium",5,2,281,56.2,0.422775800711743,95,94,85,7,51,0,51,0,0,64,25
"x7QU8xqefX05ZXj5iogsWQ/H8AZrLiK64D6EviC6ycKwQ","human","Small",2,0,162,81,0,90,19,53,0,0,0,0,0,0,57,14
"XacqD2g7KS5vZlLLoEjBEg/XC3gDbWHNFTmxGftEzylhA","human","Small",3,0,77,25.6666666666666,0.251082251082251,68,9,0,0,0,0,0,0,0,0,38
"XRBgfqxqTPv4oBugzhrIIQ/iK05G_1WjUY5G1eVDLLaUg","human-bot","Large",10,1,836,83.6,0.634688995215311,314,441,81,0,352,0,352,0,0,3,272
"XsAyD24kLpQ3_jOwoIPleA/1ulsl5J_5ooofHtlXgWNkg","human-bot","Small",2,1,18,9,0.333333333333333,18,0,0,0,761,761,0,0,0,NA,NA
"XsAyD24kLpQ3_jOwoIPleA/TEiYHreRq2gEqKvaKfj-jg","human-bot","Large",12,1,1206,100.5,0.498894416804864,550,220,431,5,31,0,31,0,0,5,28
"xUHitt6_tbQU1U9fKA_JBg/FijNnq1-psXPKK1HqWOjag","human","Medium",4,0,70,17.5,0.1,70,0,0,0,0,0,0,0,0,NA,NA
"XuXFI64lL4N8L0qhRZRaHA/UjCYMfyEcl25wUC0ZQ8emg","human-bot","Small",3,1,187,62.3333333333333,0.559714795008912,183,4,0,0,45,0,45,0,0,23,21
"xWubIgj2VILg4snlrzsM4w/UalqK3B7G5LNe6qRInBKHw","human","Small",3,0,46,15.3333333333333,0.231884057971014,46,0,0,0,0,0,0,0,0,NA,NA
"Xypm-Uf6VpDCZQb2a95cIw/ALGrEQ2O2IOjbTrwJQ7iQA","human","Small",3,0,43,14.3333333333333,0.372093023255814,35,8,0,0,0,0,0,0,0,NA,NA
"XzO8A-Xg9BQZCmgnc6cjnA/74qWCiP2LGo1p5YmQ0fBhw","human","Small",2,0,74,37,0.31081081081081,58,2,14,0,0,0,0,0,0,0,5
"xzSWBJVkZPm-Mo4BaBQY0A/kWW4-6OgigFgIqWVHU0UJw","human","Small",2,0,35,17.5,0.471428571428571,35,0,0,0,0,0,0,0,0,NA,NA
"y2tuHVVF3jQ1CFnzAuXvzA/KVC-dDWpsVdeVLFMNpQodg","human-bot","Medium",6,1,990,165,0.68080808080808,883,75,20,12,218,0,218,0,0,NA,NA
"Y7EiGXwSUhegf6qytj2hBA/STu-UHbHxCcaDt-aGulSww","human-bot","Small",3,1,225,75,0.447407407407407,198,1,26,0,43,0,43,0,0,NA,NA
"y8Jw59EHVSrsluSuhR5okg/V5vb074jNkzg4YCKforX1Q","human","Large",8,0,277,34.625,0.781137184115523,275,2,0,0,0,0,0,0,0,NA,NA
"YeteVTeawdH4Bg5zoBqQCg/1MObD_b7Z0kJIv_SWQLJEQ","human","Small",3,0,97,32.3333333333333,0.515463917525773,85,12,0,0,0,0,0,0,0,63,24
"yLydVqZyxRsGHiWGJ3t0rg/LBTLKUJrYdX511Nj-t1U-A","human","Medium",4,0,37,9.25,0.304054054054054,33,4,0,0,0,0,0,0,0,NA,NA
"YPFiQiVJuFMczRm6Imq07g/HOpZe8bhcIW-uBnBCUgQGA","human","Small",3,0,110,36.6666666666666,0.418181818181818,81,6,23,0,0,0,0,0,0,0,12
"YQI5l7pwpiRU8KVKXkNjjg/fCxq0R6_z233Fdr2Ly6iug","human-bot","Medium",5,2,1644,328.8,0.560340632603406,214,997,433,0,684,251,433,0,0,4,45
"YRBjcrRomoW6Rn4h319-2w/aV7NSxTvRAMwQ9p2nuoqyA","human-bot","Large",10,1,687,68.7,0.404221251819505,279,249,146,13,154,29,63,43,19,8,361
"yTSWcDPcKTFTSlZh0E1YDw/ucOUJ-TtutEQFVWUwmwNrg","human","Large",7,0,207,29.5714285714285,0.356107660455486,207,0,0,0,0,0,0,0,0,NA,NA
"Z1qrys8nzJ0jPIbFtYZMAQ/JVcOeAW1zRN_reVyzWFdJQ","human","Large",7,0,158,22.5714285714285,0.448462929475587,157,1,0,0,0,0,0,0,0,NA,NA
"Z1VZ6SoaVtx9VWKPUv2W0g/itqO8PZPLdIuYTDDJB8KzA","human","Small",3,0,38,12.6666666666666,0.596491228070175,37,0,1,0,0,0,0,0,0,NA,NA
"z4XnuVnYDsJq2Kh10c6RSQ/GwurdQHVdJIEVr1-nwzeQQ","human","Small",2,0,47,23.5,0.0744680851063829,30,15,2,0,0,0,0,0,0,NA,NA
"Z6awFqHqaqsMrZBtI5G6cw/kYil41HH6Sj3XK-WeF4iuQ","human","Large",15,0,153,10.2,0.705882352941176,79,34,40,0,0,0,0,0,0,NA,NA
"Z7BT6V2rwc1Yyq1NgDZC6A/HBp104v9eHt7B4w0Y9wF1Q","human-bot","Large",18,1,201,11.1666666666666,0.461857379767827,178,23,0,0,20,0,20,0,0,NA,NA
"Z7pZbUnKgDYaYhaLIGmLpw/O92cd-KLiFkunriLmVErdw","human-bot","Small",3,1,237,79,0.624472573839662,216,21,0,0,16,0,16,0,0,10,108
"zAh1NECRCquqUJ_-1d6hAw/DET3jTK8hokYfY_neJ1IVQ","human-bot","Small",2,1,196,98,0.326530612244897,74,104,18,0,42,0,42,0,0,8,25
"zCKXZ_EjOPjnEpBVGuTe5Q/ZxO7GQ17gyBUQ6IvOxTvWg","human-bot","Medium",5,1,488,97.6,0.410655737704918,111,187,180,10,84,0,84,0,0,13,66
"ZDe8CCjo5NLqQVe0wGfFvA/tpINkIPI52aFvMjbNLjJuw","human","Small",2,0,11,5.5,0.318181818181818,10,0,1,0,0,0,0,0,0,NA,NA
"zdGIfGigrvjugcDMrntSeA/djHSoRCz0x72XAy7M0faVA","human","Small",2,0,86,43,0.0116279069767441,32,54,0,0,0,0,0,0,0,NA,NA
"zDxFw19WoS8GFVmQGJXQCw/xsTexXJ1UlUoG5F8Lns-7A","human-bot","Large",59,1,198,3.35593220338983,0.189008731381612,114,82,2,0,9,3,5,1,0,0,10
"ZPbZUFullnQ00GjBX1RaUQ/fR24eYhOcMGsDUKZIYFXeg","human","Medium",6,0,14,2.33333333333333,0.19047619047619,13,1,0,0,0,0,0,0,0,NA,NA
"zPjKmela4b_-cQYzslpJLQ/Y8b87jxGXuKYhNDrcC5AuA","human","Large",11,0,851,77.3636363636363,0.267279136844354,740,111,0,0,0,0,0,0,0,3,22
"zro7Xud3Xy2f5CjF55l_jA/GChw8QQ_KUPepXGZGDWicQ","human-bot","Small",2,1,39,19.5,0.397435897435897,39,0,0,0,15,0,15,0,0,NA,NA
"zTj5tlMWgotzJmQl7BP8wQ/iQ914_smScbUO8BI9JlE6A","human-bot","Small",3,1,855,285,0.47485380116959,423,59,373,0,26,0,26,0,0,NA,NA
"zUBexdmYylGGpxiebXm6gg/sJXD2kulWzU35ijdY3SnBQ","human","Small",2,0,63,31.5,0.436507936507936,63,0,0,0,0,0,0,0,0,NA,NA
"zVSBi-iRKCzLiqFwVt6hbg/8SfUBIOeWUjDoQxeUCX7wQ","human","Medium",5,0,26,5.2,0.446153846153846,19,5,2,0,0,0,0,0,0,NA,NA
"zVSBi-iRKCzLiqFwVt6hbg/fm_lDWwc8Uu-aZ24BjUNZg","human","Medium",5,0,13,2.6,0.246153846153846,8,4,1,0,0,0,0,0,0,8,10
"ZX09uvu0z_JVPVI-XrPniQ/pxiuGX_R6QI2Euvx2GFIFw","human-bot","Small",2,1,57,28.5,0.043859649122807,32,24,1,0,8,3,4,1,0,5,26
